Problem Name, Correct, Correct Answer, Prediction 1, Prediction 2, Prediction 3
18419cfa,True,"[[0, 0, 0, 0, 0, 0, 0, 0, 0, 0, 0, 0, 0, 0, 0, 0, 0, 0, 0, 0, 0, 0, 0, 0, 0, 0], [0, 0, 0, 0, 0, 0, 0, 0, 0, 0, 0, 0, 0, 0, 0, 0, 0, 0, 0, 0, 8, 8, 8, 0, 0, 0], [0, 0, 0, 0, 0, 0, 0, 0, 0, 0, 0, 0, 0, 0, 0, 0, 0, 8, 8, 8, 8, 0, 8, 8, 8, 8], [0, 0, 0, 8, 8, 8, 8, 8, 8, 8, 8, 8, 0, 0, 0, 0, 0, 8, 0, 0, 0, 0, 0, 0, 0, 8], [0, 0, 0, 8, 0, 0, 0, 0, 0, 0, 0, 8, 0, 0, 0, 0, 0, 8, 0, 2, 0, 0, 0, 2, 0, 8], [0, 0, 8, 8, 0, 0, 2, 0, 2, 0, 0, 8, 8, 0, 0, 0, 0, 8, 0, 0, 2, 2, 2, 0, 0, 8], [0, 0, 8, 0, 0, 2, 2, 0, 2, 2, 0, 0, 8, 0, 0, 0, 0, 8, 0, 0, 0, 2, 0, 0, 0, 8], [0, 0, 8, 8, 0, 0, 2, 0, 2, 0, 0, 8, 8, 0, 0, 0, 0, 8, 0, 0, 0, 2, 0, 0, 0, 8], [0, 0, 0, 8, 0, 0, 0, 0, 0, 0, 0, 8, 0, 0, 0, 0, 0, 8, 0, 0, 2, 2, 2, 0, 0, 8], [0, 0, 0, 8, 8, 8, 8, 8, 8, 8, 8, 8, 0, 0, 0, 0, 0, 8, 0, 2, 0, 0, 0, 2, 0, 8], [0, 0, 0, 0, 0, 0, 0, 0, 0, 0, 0, 0, 0, 0, 0, 0, 0, 8, 0, 0, 0, 0, 0, 0, 0, 8], [0, 0, 0, 0, 0, 0, 0, 0, 0, 0, 0, 0, 0, 0, 0, 0, 0, 8, 8, 8, 8, 0, 8, 8, 8, 8], [0, 0, 0, 0, 0, 0, 0, 0, 0, 0, 0, 0, 0, 0, 0, 0, 0, 0, 0, 0, 8, 8, 8, 0, 0, 0], [0, 0, 0, 0, 0, 0, 0, 0, 0, 0, 0, 0, 0, 0, 0, 0, 0, 0, 0, 0, 0, 0, 0, 0, 0, 0], [0, 0, 0, 0, 0, 0, 0, 0, 0, 0, 8, 8, 8, 0, 0, 0, 0, 0, 0, 0, 0, 0, 0, 0, 0, 0], [0, 0, 0, 0, 0, 0, 8, 8, 8, 8, 8, 0, 8, 8, 8, 8, 8, 0, 0, 0, 0, 0, 0, 0, 0, 0], [0, 0, 0, 0, 0, 0, 8, 0, 0, 0, 0, 0, 0, 0, 0, 0, 8, 0, 0, 0, 0, 0, 0, 0, 0, 0], [0, 0, 0, 0, 0, 0, 8, 0, 0, 2, 0, 0, 0, 2, 0, 0, 8, 0, 0, 0, 0, 0, 0, 0, 0, 0], [0, 0, 0, 0, 0, 0, 8, 0, 0, 0, 2, 2, 2, 0, 0, 0, 8, 0, 0, 0, 0, 0, 0, 0, 0, 0], [0, 0, 0, 0, 0, 0, 8, 0, 0, 2, 0, 0, 0, 2, 0, 0, 8, 0, 0, 0, 0, 0, 0, 0, 0, 0], [0, 0, 0, 0, 0, 0, 8, 0, 0, 2, 0, 0, 0, 2, 0, 0, 8, 0, 0, 0, 0, 0, 0, 0, 0, 0], [0, 0, 0, 0, 0, 0, 8, 0, 0, 0, 2, 2, 2, 0, 0, 0, 8, 0, 0, 0, 0, 0, 0, 0, 0, 0], [0, 0, 0, 0, 0, 0, 8, 0, 0, 2, 0, 0, 0, 2, 0, 0, 8, 0, 0, 0, 0, 0, 0, 0, 0, 0], [0, 0, 0, 0, 0, 0, 8, 0, 0, 0, 0, 0, 0, 0, 0, 0, 8, 0, 0, 0, 0, 0, 0, 0, 0, 0], [0, 0, 0, 0, 0, 0, 8, 8, 8, 8, 8, 0, 8, 8, 8, 8, 8, 0, 0, 0, 0, 0, 0, 0, 0, 0], [0, 0, 0, 0, 0, 0, 0, 0, 0, 0, 8, 8, 8, 0, 0, 0, 0, 0, 0, 0, 0, 0, 0, 0, 0, 0], [0, 0, 0, 0, 0, 0, 0, 0, 0, 0, 0, 0, 0, 0, 0, 0, 0, 0, 0, 0, 0, 0, 0, 0, 0, 0], [0, 0, 0, 0, 0, 0, 0, 0, 0, 0, 0, 0, 0, 0, 0, 0, 0, 0, 0, 0, 0, 0, 0, 0, 0, 0]]","[[0, 0, 0, 0, 0, 0, 0, 0, 0, 0, 0, 0, 0, 0, 0, 0, 0, 0, 0, 0, 0, 0, 0, 0, 0, 0], [0, 0, 0, 0, 0, 0, 0, 0, 0, 0, 0, 0, 0, 0, 0, 0, 0, 0, 0, 0, 8, 8, 8, 0, 0, 0], [0, 0, 0, 0, 0, 0, 0, 0, 0, 0, 0, 0, 0, 0, 0, 0, 0, 8, 8, 8, 8, 0, 8, 8, 8, 8], [0, 0, 0, 8, 8, 8, 8, 8, 8, 8, 8, 8, 0, 0, 0, 0, 0, 8, 0, 0, 0, 0, 0, 0, 0, 8], [0, 0, 0, 8, 0, 0, 0, 0, 0, 0, 0, 8, 0, 0, 0, 0, 0, 8, 0, 2, 0, 0, 0, 2, 0, 8], [0, 0, 8, 8, 0, 0, 2, 0, 2, 0, 0, 8, 8, 0, 0, 0, 0, 8, 0, 0, 2, 2, 2, 0, 0, 8], [0, 0, 8, 0, 0, 2, 2, 0, 2, 2, 0, 0, 8, 0, 0, 0, 0, 8, 0, 0, 0, 2, 0, 0, 0, 8], [0, 0, 8, 8, 0, 0, 2, 0, 2, 0, 0, 8, 8, 0, 0, 0, 0, 8, 0, 0, 0, 2, 0, 0, 0, 8], [0, 0, 0, 8, 0, 0, 0, 0, 0, 0, 0, 8, 0, 0, 0, 0, 0, 8, 0, 0, 2, 2, 2, 0, 0, 8], [0, 0, 0, 8, 8, 8, 8, 8, 8, 8, 8, 8, 0, 0, 0, 0, 0, 8, 0, 2, 0, 0, 0, 2, 0, 8], [0, 0, 0, 0, 0, 0, 0, 0, 0, 0, 0, 0, 0, 0, 0, 0, 0, 8, 0, 0, 0, 0, 0, 0, 0, 8], [0, 0, 0, 0, 0, 0, 0, 0, 0, 0, 0, 0, 0, 0, 0, 0, 0, 8, 8, 8, 8, 0, 8, 8, 8, 8], [0, 0, 0, 0, 0, 0, 0, 0, 0, 0, 0, 0, 0, 0, 0, 0, 0, 0, 0, 0, 8, 8, 8, 0, 0, 0], [0, 0, 0, 0, 0, 0, 0, 0, 0, 0, 0, 0, 0, 0, 0, 0, 0, 0, 0, 0, 0, 0, 0, 0, 0, 0], [0, 0, 0, 0, 0, 0, 0, 0, 0, 0, 8, 8, 8, 0, 0, 0, 0, 0, 0, 0, 0, 0, 0, 0, 0, 0], [0, 0, 0, 0, 0, 0, 8, 8, 8, 8, 8, 0, 8, 8, 8, 8, 8, 0, 0, 0, 0, 0, 0, 0, 0, 0], [0, 0, 0, 0, 0, 0, 8, 0, 0, 0, 0, 0, 0, 0, 0, 0, 8, 0, 0, 0, 0, 0, 0, 0, 0, 0], [0, 0, 0, 0, 0, 0, 8, 0, 0, 2, 0, 0, 0, 2, 0, 0, 8, 0, 0, 0, 0, 0, 0, 0, 0, 0], [0, 0, 0, 0, 0, 0, 8, 0, 0, 0, 2, 2, 2, 0, 0, 0, 8, 0, 0, 0, 0, 0, 0, 0, 0, 0], [0, 0, 0, 0, 0, 0, 8, 0, 0, 2, 0, 0, 0, 2, 0, 0, 8, 0, 0, 0, 0, 0, 0, 0, 0, 0], [0, 0, 0, 0, 0, 0, 8, 0, 0, 2, 0, 0, 0, 2, 0, 0, 8, 0, 0, 0, 0, 0, 0, 0, 0, 0], [0, 0, 0, 0, 0, 0, 8, 0, 0, 0, 2, 2, 2, 0, 0, 0, 8, 0, 0, 0, 0, 0, 0, 0, 0, 0], [0, 0, 0, 0, 0, 0, 8, 0, 0, 2, 0, 0, 0, 2, 0, 0, 8, 0, 0, 0, 0, 0, 0, 0, 0, 0], [0, 0, 0, 0, 0, 0, 8, 0, 0, 0, 0, 0, 0, 0, 0, 0, 8, 0, 0, 0, 0, 0, 0, 0, 0, 0], [0, 0, 0, 0, 0, 0, 8, 8, 8, 8, 8, 0, 8, 8, 8, 8, 8, 0, 0, 0, 0, 0, 0, 0, 0, 0], [0, 0, 0, 0, 0, 0, 0, 0, 0, 0, 8, 8, 8, 0, 0, 0, 0, 0, 0, 0, 0, 0, 0, 0, 0, 0], [0, 0, 0, 0, 0, 0, 0, 0, 0, 0, 0, 0, 0, 0, 0, 0, 0, 0, 0, 0, 0, 0, 0, 0, 0, 0], [0, 0, 0, 0, 0, 0, 0, 0, 0, 0, 0, 0, 0, 0, 0, 0, 0, 0, 0, 0, 0, 0, 0, 0, 0, 0]]"
195ba7dc,False,"[[1, 1, 1, 0, 0, 1], [1, 1, 0, 1, 0, 1], [1, 1, 1, 1, 0, 1], [1, 1, 1, 1, 0, 0], [0, 1, 1, 1, 1, 1]]","[[7, 7, 0, 0, 0, 0, 2, 0, 7, 7, 0, 0, 7], [0, 7, 0, 0, 0, 0, 2, 0, 0, 0, 7, 0, 7], [7, 7, 7, 0, 0, 0, 2, 0, 7, 7, 7, 0, 7], [0, 0, 0, 0, 0, 0, 2, 7, 7, 7, 7, 0, 0], [0, 0, 7, 7, 7, 0, 2, 0, 7, 7, 0, 7, 7]]","[[7, 7, 3, 3, 3, 3, 2, 3, 7, 7, 0, 0, 7], [0, 7, 3, 3, 3, 3, 2, 7, 0, 0, 7, 0, 7], [7, 7, 7, 3, 3, 7, 2, 3, 7, 7, 7, 0, 7], [3, 3, 3, 3, 3, 3, 2, 7, 7, 7, 7, 0, 0], [3, 3, 7, 7, 7, 3, 2, 3, 7, 7, 0, 7, 7]]","[[7, 7, 5, 5, 5, 5, 2, 5, 7, 7, 0, 0, 7], [0, 7, 5, 5, 5, 5, 2, 7, 0, 0, 7, 0, 7], [7, 7, 7, 5, 5, 7, 2, 5, 7, 7, 7, 0, 7], [5, 5, 5, 5, 5, 5, 2, 7, 7, 7, 7, 0, 0], [5, 5, 7, 7, 7, 5, 2, 5, 7, 7, 0, 7, 7]]"
2546ccf6,False,"[[0, 0, 0, 0, 0, 8, 0, 0, 0, 0, 0, 8, 0, 0, 0, 0, 0, 8, 0, 0, 0, 0, 0], [0, 0, 0, 0, 0, 8, 0, 0, 0, 0, 0, 8, 0, 0, 0, 0, 0, 8, 0, 0, 0, 0, 0], [0, 0, 2, 0, 0, 8, 0, 0, 2, 0, 0, 8, 0, 0, 0, 0, 0, 8, 0, 0, 0, 0, 0], [0, 0, 2, 2, 2, 8, 2, 2, 2, 0, 0, 8, 0, 0, 0, 0, 0, 8, 0, 0, 0, 0, 0], [0, 0, 0, 2, 0, 8, 0, 2, 0, 0, 0, 8, 0, 0, 0, 0, 0, 8, 0, 0, 0, 0, 0], [8, 8, 8, 8, 8, 8, 8, 8, 8, 8, 8, 8, 8, 8, 8, 8, 8, 8, 8, 8, 8, 8, 8], [0, 0, 0, 2, 0, 8, 0, 2, 0, 0, 0, 8, 0, 0, 0, 0, 0, 8, 0, 0, 0, 0, 0], [0, 0, 2, 2, 2, 8, 2, 2, 2, 0, 0, 8, 0, 0, 0, 0, 0, 8, 0, 0, 0, 0, 0], [0, 0, 2, 0, 0, 8, 0, 0, 2, 0, 0, 8, 0, 0, 1, 1, 0, 8, 0, 1, 1, 0, 0], [0, 0, 0, 0, 0, 8, 0, 0, 0, 0, 0, 8, 0, 0, 1, 0, 1, 8, 1, 0, 1, 0, 0], [0, 0, 0, 0, 0, 8, 0, 0, 0, 0, 0, 8, 0, 0, 0, 1, 0, 8, 0, 1, 0, 0, 0], [8, 8, 8, 8, 8, 8, 8, 8, 8, 8, 8, 8, 8, 8, 8, 8, 8, 8, 8, 8, 8, 8, 8], [0, 0, 0, 0, 0, 8, 0, 0, 0, 0, 0, 8, 0, 0, 0, 1, 0, 8, 0, 1, 0, 0, 0], [0, 0, 0, 0, 0, 8, 0, 0, 0, 0, 0, 8, 0, 0, 1, 0, 1, 8, 1, 0, 1, 0, 0], [0, 0, 0, 0, 0, 8, 0, 0, 0, 0, 0, 8, 0, 0, 1, 1, 0, 8, 0, 1, 1, 0, 0], [0, 0, 4, 4, 4, 8, 4, 4, 4, 0, 0, 8, 0, 0, 0, 0, 0, 8, 0, 0, 0, 0, 0], [0, 0, 0, 4, 0, 8, 0, 4, 0, 0, 0, 8, 0, 0, 0, 0, 0, 8, 0, 0, 0, 0, 0], [8, 8, 8, 8, 8, 8, 8, 8, 8, 8, 8, 8, 8, 8, 8, 8, 8, 8, 8, 8, 8, 8, 8], [0, 0, 0, 4, 0, 8, 0, 4, 0, 0, 0, 8, 0, 0, 0, 0, 0, 8, 0, 0, 0, 0, 0], [0, 0, 4, 4, 4, 8, 4, 4, 4, 0, 0, 8, 0, 0, 0, 0, 0, 8, 0, 0, 0, 0, 0], [0, 0, 0, 0, 0, 8, 0, 0, 0, 0, 0, 8, 0, 0, 0, 0, 0, 8, 0, 0, 0, 0, 0], [0, 0, 0, 0, 0, 8, 0, 0, 0, 0, 0, 8, 0, 0, 0, 0, 0, 8, 0, 0, 0, 0, 0], [0, 0, 0, 0, 0, 8, 0, 0, 0, 0, 0, 8, 0, 0, 0, 0, 0, 8, 0, 0, 0, 0, 0], [8, 8, 8, 8, 8, 8, 8, 8, 8, 8, 8, 8, 8, 8, 8, 8, 8, 8, 8, 8, 8, 8, 8], [0, 0, 0, 0, 0, 8, 0, 0, 0, 0, 0, 8, 0, 0, 0, 0, 0, 8, 0, 0, 0, 0, 0], [0, 0, 0, 0, 0, 8, 0, 0, 0, 0, 0, 8, 0, 0, 0, 0, 0, 8, 0, 0, 0, 0, 0]]","[[0, 0, 0, 0, 0, 8, 0, 0, 0, 0, 0, 8, 0, 0, 0, 0, 0, 8, 0, 0, 0, 0, 0], [0, 0, 0, 0, 0, 8, 0, 0, 0, 0, 0, 8, 0, 0, 0, 0, 0, 8, 0, 0, 0, 0, 0], [0, 0, 2, 0, 0, 8, 0, 0, 2, 0, 0, 8, 0, 0, 0, 0, 0, 8, 0, 0, 0, 0, 0], [0, 0, 2, 2, 2, 8, 2, 2, 2, 0, 0, 8, 0, 0, 0, 0, 0, 8, 0, 0, 0, 0, 0], [0, 0, 0, 2, 0, 8, 0, 2, 0, 0, 0, 8, 0, 0, 0, 0, 0, 8, 0, 0, 0, 0, 0], [8, 8, 8, 8, 8, 8, 8, 8, 8, 8, 8, 8, 8, 8, 8, 8, 8, 8, 8, 8, 8, 8, 8], [0, 0, 0, 2, 0, 8, 0, 0, 0, 0, 0, 8, 0, 0, 0, 0, 0, 8, 0, 0, 0, 0, 0], [0, 0, 2, 2, 2, 8, 0, 0, 0, 0, 0, 8, 0, 0, 0, 0, 0, 8, 0, 0, 0, 0, 0], [0, 0, 2, 0, 0, 8, 0, 0, 0, 0, 0, 8, 0, 0, 1, 1, 0, 8, 0, 0, 0, 0, 0], [0, 0, 0, 0, 0, 8, 0, 0, 0, 0, 0, 8, 0, 0, 1, 0, 1, 8, 0, 0, 0, 0, 0], [0, 0, 0, 0, 0, 8, 0, 0, 0, 0, 0, 8, 0, 0, 0, 1, 0, 8, 0, 0, 0, 0, 0], [8, 8, 8, 8, 8, 8, 8, 8, 8, 8, 8, 8, 8, 8, 8, 8, 8, 8, 8, 8, 8, 8, 8], [0, 0, 0, 0, 0, 8, 0, 0, 0, 0, 0, 8, 0, 0, 0, 1, 0, 8, 0, 1, 0, 0, 0], [0, 0, 0, 0, 0, 8, 0, 0, 0, 0, 0, 8, 0, 0, 1, 0, 1, 8, 1, 0, 1, 0, 0], [0, 0, 0, 0, 0, 8, 0, 0, 0, 0, 0, 8, 0, 0, 1, 1, 0, 8, 0, 1, 1, 0, 0], [0, 0, 4, 4, 4, 8, 4, 4, 4, 0, 0, 8, 0, 0, 0, 0, 0, 8, 0, 0, 0, 0, 0], [0, 0, 0, 4, 0, 8, 0, 4, 0, 0, 0, 8, 0, 0, 0, 0, 0, 8, 0, 0, 0, 0, 0], [8, 8, 8, 8, 8, 8, 8, 8, 8, 8, 8, 8, 8, 8, 8, 8, 8, 8, 8, 8, 8, 8, 8], [0, 0, 0, 0, 0, 8, 0, 4, 0, 0, 0, 8, 0, 0, 0, 0, 0, 8, 0, 0, 0, 0, 0], [0, 0, 0, 0, 0, 8, 4, 4, 4, 0, 0, 8, 0, 0, 0, 0, 0, 8, 0, 0, 0, 0, 0], [0, 0, 0, 0, 0, 8, 0, 0, 0, 0, 0, 8, 0, 0, 0, 0, 0, 8, 0, 0, 0, 0, 0], [0, 0, 0, 0, 0, 8, 0, 0, 0, 0, 0, 8, 0, 0, 0, 0, 0, 8, 0, 0, 0, 0, 0], [0, 0, 0, 0, 0, 8, 0, 0, 0, 0, 0, 8, 0, 0, 0, 0, 0, 8, 0, 0, 0, 0, 0], [8, 8, 8, 8, 8, 8, 8, 8, 8, 8, 8, 8, 8, 8, 8, 8, 8, 8, 8, 8, 8, 8, 8], [0, 0, 0, 0, 0, 8, 0, 0, 0, 0, 0, 8, 0, 0, 0, 0, 0, 8, 0, 0, 0, 0, 0], [0, 0, 0, 0, 0, 8, 0, 0, 0, 0, 0, 8, 0, 0, 0, 0, 0, 8, 0, 0, 0, 0, 0]]","[[0, 0, 0, 0, 0, 8, 0, 0, 0, 0, 0, 8, 0, 0, 0, 0, 0, 8, 0, 0, 0, 0, 0], [0, 0, 0, 0, 0, 8, 0, 0, 0, 0, 0, 8, 0, 0, 0, 0, 0, 8, 0, 0, 0, 0, 0], [0, 0, 2, 0, 0, 8, 0, 0, 2, 0, 0, 8, 0, 0, 0, 0, 0, 8, 0, 0, 0, 0, 0], [0, 0, 2, 2, 2, 8, 2, 2, 2, 0, 0, 8, 0, 0, 0, 0, 0, 8, 0, 0, 0, 0, 0], [0, 0, 0, 2, 0, 8, 0, 2, 0, 0, 0, 8, 0, 0, 0, 0, 0, 8, 0, 0, 0, 0, 0], [8, 8, 8, 8, 8, 8, 8, 8, 8, 8, 8, 8, 8, 8, 8, 8, 8, 8, 8, 8, 8, 8, 8], [0, 0, 0, 2, 0, 8, 1, 1, 1, 1, 1, 8, 1, 1, 1, 1, 1, 8, 0, 0, 0, 0, 0], [0, 0, 2, 2, 2, 8, 1, 1, 1, 1, 1, 8, 1, 1, 1, 1, 1, 8, 0, 0, 0, 0, 0], [0, 0, 2, 0, 0, 8, 1, 1, 1, 1, 1, 8, 1, 1, 1, 1, 1, 8, 0, 0, 0, 0, 0], [0, 0, 0, 0, 0, 8, 1, 1, 1, 1, 1, 8, 1, 1, 1, 1, 1, 8, 0, 0, 0, 0, 0], [0, 0, 0, 0, 0, 8, 1, 1, 1, 1, 1, 8, 1, 1, 1, 1, 1, 8, 0, 0, 0, 0, 0], [8, 8, 8, 8, 8, 8, 8, 8, 8, 8, 8, 8, 8, 8, 8, 8, 8, 8, 8, 8, 8, 8, 8], [0, 0, 0, 0, 0, 8, 1, 1, 1, 1, 1, 8, 1, 1, 1, 1, 1, 8, 0, 0, 0, 0, 0], [0, 0, 0, 0, 0, 8, 1, 1, 1, 1, 1, 8, 1, 1, 1, 1, 1, 8, 0, 0, 1, 0, 0], [0, 0, 0, 0, 0, 8, 1, 1, 1, 1, 1, 8, 1, 1, 1, 1, 1, 8, 0, 1, 1, 0, 0], [0, 0, 4, 4, 4, 8, 1, 1, 1, 1, 1, 8, 1, 1, 1, 1, 1, 8, 0, 0, 0, 0, 0], [0, 0, 0, 4, 0, 8, 1, 1, 1, 1, 1, 8, 1, 1, 1, 1, 1, 8, 0, 0, 0, 0, 0], [8, 8, 8, 8, 8, 8, 8, 8, 8, 8, 8, 8, 8, 8, 8, 8, 8, 8, 8, 8, 8, 8, 8], [0, 0, 0, 0, 0, 8, 1, 1, 1, 1, 1, 8, 1, 1, 1, 1, 1, 8, 0, 0, 0, 0, 0], [0, 0, 0, 0, 0, 8, 1, 1, 1, 1, 1, 8, 1, 1, 1, 1, 1, 8, 0, 0, 0, 0, 0], [0, 0, 0, 0, 0, 8, 1, 1, 1, 1, 1, 8, 1, 1, 1, 1, 1, 8, 0, 0, 0, 0, 0], [0, 0, 0, 0, 0, 8, 1, 1, 1, 1, 1, 8, 1, 1, 1, 1, 1, 8, 0, 0, 0, 0, 0], [0, 0, 0, 0, 0, 8, 1, 1, 1, 1, 1, 8, 1, 1, 1, 1, 1, 8, 0, 0, 0, 0, 0], [8, 8, 8, 8, 8, 8, 8, 8, 8, 8, 8, 8, 8, 8, 8, 8, 8, 8, 8, 8, 8, 8, 8], [0, 0, 0, 0, 0, 8, 0, 0, 0, 0, 0, 8, 0, 0, 0, 0, 0, 8, 0, 0, 0, 0, 0], [0, 0, 0, 0, 0, 8, 0, 0, 0, 0, 0, 8, 0, 0, 0, 0, 0, 8, 0, 0, 0, 0, 0]]","[[3, 3, 3, 3, 3, 8, 3, 3, 3, 3, 3, 8, 0, 0, 0, 0, 0, 8, 0, 0, 0, 0, 0], [3, 3, 3, 3, 3, 8, 3, 3, 3, 3, 3, 8, 0, 0, 0, 0, 0, 8, 0, 0, 0, 0, 0], [3, 3, 2, 3, 3, 8, 3, 3, 2, 3, 3, 8, 0, 0, 0, 0, 0, 8, 0, 0, 0, 0, 0], [3, 3, 2, 2, 2, 8, 2, 2, 2, 3, 3, 8, 0, 0, 0, 0, 0, 8, 0, 0, 0, 0, 0], [3, 3, 3, 2, 3, 8, 3, 2, 3, 3, 3, 8, 0, 0, 0, 0, 0, 8, 0, 0, 0, 0, 0], [8, 8, 8, 8, 8, 8, 8, 8, 8, 8, 8, 8, 8, 8, 8, 8, 8, 8, 8, 8, 8, 8, 8], [3, 3, 3, 2, 3, 8, 0, 0, 0, 0, 0, 8, 0, 0, 0, 0, 0, 8, 0, 0, 0, 0, 0], [3, 3, 2, 2, 2, 8, 0, 0, 0, 0, 0, 8, 0, 0, 0, 0, 0, 8, 0, 0, 0, 0, 0], [3, 3, 2, 3, 3, 8, 0, 0, 0, 0, 0, 8, 0, 0, 1, 1, 0, 8, 0, 0, 0, 0, 0], [3, 3, 3, 3, 3, 8, 0, 0, 0, 0, 0, 8, 0, 0, 1, 0, 1, 8, 0, 0, 0, 0, 0], [3, 3, 3, 3, 3, 8, 0, 0, 0, 0, 0, 8, 0, 0, 0, 1, 0, 8, 0, 0, 0, 0, 0], [8, 8, 8, 8, 8, 8, 8, 8, 8, 8, 8, 8, 8, 8, 8, 8, 8, 8, 8, 8, 8, 8, 8], [8, 8, 8, 8, 8, 8, 8, 8, 8, 8, 8, 8, 0, 0, 0, 1, 0, 8, 0, 1, 0, 0, 0], [8, 8, 8, 8, 8, 8, 8, 8, 8, 8, 8, 8, 0, 0, 1, 0, 1, 8, 1, 0, 1, 0, 0], [8, 8, 8, 8, 8, 8, 8, 8, 8, 8, 8, 8, 0, 0, 1, 1, 0, 8, 0, 1, 1, 0, 0], [8, 8, 4, 4, 4, 8, 4, 4, 4, 8, 8, 8, 0, 0, 0, 0, 0, 8, 0, 0, 0, 0, 0], [8, 8, 8, 4, 8, 8, 8, 4, 8, 8, 8, 8, 0, 0, 0, 0, 0, 8, 0, 0, 0, 0, 0], [8, 8, 8, 8, 8, 8, 8, 8, 8, 8, 8, 8, 8, 8, 8, 8, 8, 8, 8, 8, 8, 8, 8], [0, 0, 0, 0, 0, 8, 8, 4, 8, 8, 8, 8, 0, 0, 0, 0, 0, 8, 0, 0, 0, 0, 0], [0, 0, 0, 0, 0, 8, 4, 4, 4, 8, 8, 8, 0, 0, 0, 0, 0, 8, 0, 0, 0, 0, 0], [0, 0, 0, 0, 0, 8, 8, 8, 8, 8, 8, 8, 0, 0, 0, 0, 0, 8, 0, 0, 0, 0, 0], [0, 0, 0, 0, 0, 8, 8, 8, 8, 8, 8, 8, 0, 0, 0, 0, 0, 8, 0, 0, 0, 0, 0], [0, 0, 0, 0, 0, 8, 8, 8, 8, 8, 8, 8, 0, 0, 0, 0, 0, 8, 0, 0, 0, 0, 0], [8, 8, 8, 8, 8, 8, 8, 8, 8, 8, 8, 8, 8, 8, 8, 8, 8, 8, 8, 8, 8, 8, 8], [0, 0, 0, 0, 0, 8, 0, 0, 0, 0, 0, 8, 0, 0, 0, 0, 0, 8, 0, 0, 0, 0, 0], [0, 0, 0, 0, 0, 8, 0, 0, 0, 0, 0, 8, 0, 0, 0, 0, 0, 8, 0, 0, 0, 0, 0]]"
31d5ba1a,False,"[[0, 0, 6, 6, 6], [6, 0, 0, 6, 0], [6, 6, 0, 6, 6]]","[[9, 9, 0, 0, 0], [0, 0, 0, 0, 9], [0, 0, 0, 9, 9], [4, 4, 4, 0, 4], [4, 0, 4, 4, 4], [4, 4, 0, 0, 0]]","[[9, 9, 0, 9, 0], [8, 8, 9, 0, 9], [8, 8, 8, 9, 9], [4, 4, 4, 8, 4], [4, 8, 4, 4, 4], [4, 4, 8, 8, 8]]","[[9, 9, 0, 9, 0], [9, 9, 9, 0, 9], [9, 9, 9, 9, 9], [4, 4, 4, 9, 4], [4, 9, 4, 4, 4], [4, 4, 9, 9, 9]]"
4b6b68e5,True,"[[0, 0, 0, 0, 0, 0, 0, 0, 0, 0, 0, 0, 0, 0, 0, 0, 0, 0, 0, 0, 0, 0, 0, 0], [0, 0, 0, 2, 2, 2, 2, 2, 2, 2, 0, 0, 0, 0, 0, 0, 3, 3, 3, 3, 3, 3, 0, 0], [0, 0, 0, 2, 1, 1, 1, 1, 1, 2, 2, 2, 0, 0, 0, 0, 3, 8, 8, 8, 8, 3, 0, 0], [0, 0, 0, 2, 1, 1, 1, 1, 1, 1, 1, 2, 0, 0, 0, 0, 3, 8, 8, 8, 8, 3, 0, 0], [0, 0, 0, 2, 1, 1, 1, 1, 1, 1, 1, 2, 0, 0, 3, 3, 3, 8, 8, 8, 8, 3, 0, 0], [0, 2, 2, 2, 1, 1, 1, 1, 1, 1, 1, 2, 0, 0, 3, 8, 8, 8, 8, 8, 8, 3, 0, 0], [0, 2, 1, 1, 1, 1, 1, 1, 1, 1, 1, 2, 0, 0, 3, 8, 8, 8, 8, 8, 8, 3, 0, 0], [0, 2, 1, 1, 1, 1, 1, 2, 2, 2, 2, 2, 0, 0, 3, 8, 8, 8, 8, 8, 8, 3, 0, 0], [0, 2, 1, 1, 1, 1, 1, 2, 0, 0, 0, 0, 0, 0, 3, 8, 8, 8, 8, 8, 8, 3, 0, 0], [0, 2, 2, 2, 2, 2, 2, 2, 0, 0, 0, 0, 0, 0, 3, 8, 8, 8, 8, 8, 8, 3, 0, 0], [0, 0, 0, 0, 0, 0, 0, 0, 0, 0, 0, 0, 0, 0, 3, 3, 3, 3, 8, 8, 8, 3, 0, 0], [0, 0, 0, 0, 0, 0, 0, 0, 0, 0, 0, 0, 0, 0, 0, 0, 0, 3, 8, 8, 8, 3, 0, 0], [0, 0, 0, 0, 0, 0, 0, 0, 0, 0, 0, 0, 0, 0, 0, 0, 0, 3, 8, 8, 8, 3, 0, 0], [0, 0, 0, 0, 0, 0, 0, 8, 8, 8, 8, 8, 0, 0, 0, 0, 0, 3, 3, 3, 3, 3, 0, 0], [0, 0, 0, 0, 0, 0, 0, 8, 4, 4, 4, 8, 0, 0, 0, 0, 0, 0, 0, 0, 0, 0, 0, 0], [0, 0, 8, 8, 8, 8, 8, 8, 4, 4, 4, 8, 0, 0, 0, 0, 0, 0, 0, 0, 0, 0, 0, 0], [0, 0, 8, 4, 4, 4, 4, 4, 4, 4, 4, 8, 0, 0, 0, 0, 0, 0, 0, 0, 0, 0, 0, 0], [0, 0, 8, 4, 4, 4, 4, 4, 4, 4, 4, 8, 0, 0, 0, 0, 0, 0, 0, 0, 0, 0, 0, 0], [0, 0, 8, 4, 4, 4, 4, 4, 4, 4, 4, 8, 0, 0, 0, 7, 7, 7, 7, 7, 7, 7, 0, 0], [0, 0, 8, 4, 4, 4, 4, 4, 4, 4, 4, 8, 0, 0, 0, 7, 0, 0, 0, 0, 0, 7, 0, 0], [0, 0, 8, 4, 4, 4, 4, 4, 4, 4, 4, 8, 0, 0, 0, 7, 0, 0, 0, 0, 0, 7, 0, 0], [0, 0, 8, 4, 4, 8, 8, 8, 8, 4, 4, 8, 0, 0, 0, 7, 0, 0, 0, 0, 0, 7, 0, 0], [0, 0, 8, 8, 8, 8, 0, 0, 8, 8, 8, 8, 0, 0, 0, 7, 0, 0, 0, 0, 0, 0, 0, 0], [0, 0, 0, 0, 0, 0, 0, 0, 0, 0, 0, 0, 0, 0, 0, 7, 7, 7, 7, 7, 0, 0, 0, 0], [0, 0, 0, 0, 0, 0, 0, 0, 0, 0, 0, 0, 0, 0, 0, 0, 0, 0, 0, 0, 0, 0, 0, 0], [0, 0, 0, 0, 0, 0, 0, 0, 0, 0, 0, 0, 0, 0, 0, 0, 0, 0, 0, 0, 0, 0, 0, 0]]","[[0, 0, 0, 0, 0, 0, 0, 0, 0, 0, 0, 0, 0, 0, 0, 0, 0, 0, 0, 0, 0, 0, 0, 0], [0, 0, 0, 2, 2, 2, 2, 2, 2, 2, 0, 0, 0, 1, 0, 0, 3, 3, 3, 3, 3, 3, 0, 1], [0, 0, 0, 2, 0, 0, 0, 0, 0, 2, 2, 2, 0, 0, 0, 0, 3, 0, 0, 0, 0, 3, 0, 0], [0, 0, 0, 2, 0, 6, 0, 0, 8, 0, 0, 2, 0, 0, 0, 0, 3, 0, 0, 6, 0, 3, 0, 0], [0, 0, 0, 2, 0, 0, 1, 0, 0, 0, 0, 2, 0, 0, 3, 3, 3, 0, 0, 0, 0, 3, 0, 0], [0, 2, 2, 2, 0, 0, 0, 0, 0, 0, 1, 2, 0, 0, 3, 0, 0, 0, 0, 8, 0, 3, 0, 0], [0, 2, 0, 0, 1, 0, 6, 0, 0, 0, 0, 2, 0, 0, 3, 8, 0, 0, 0, 0, 0, 3, 0, 0], [0, 2, 0, 0, 0, 0, 0, 2, 2, 2, 2, 2, 0, 0, 3, 0, 0, 0, 8, 0, 0, 3, 0, 0], [0, 2, 0, 0, 0, 0, 0, 2, 0, 0, 0, 0, 0, 0, 3, 0, 0, 0, 0, 1, 0, 3, 0, 0], [0, 2, 2, 2, 2, 2, 2, 2, 0, 0, 0, 0, 0, 0, 3, 0, 0, 0, 0, 0, 0, 3, 0, 0], [0, 0, 0, 0, 0, 0, 0, 0, 0, 0, 0, 1, 0, 0, 3, 3, 3, 3, 0, 0, 0, 3, 0, 0], [0, 0, 0, 1, 0, 0, 0, 0, 0, 0, 0, 0, 0, 0, 0, 0, 0, 3, 0, 8, 0, 3, 0, 0], [0, 3, 0, 0, 0, 0, 0, 0, 0, 0, 0, 0, 0, 0, 0, 0, 0, 3, 0, 0, 0, 3, 0, 0], [0, 0, 0, 0, 0, 0, 0, 8, 8, 8, 8, 8, 0, 0, 0, 0, 0, 3, 3, 3, 3, 3, 0, 0], [0, 0, 0, 0, 0, 0, 0, 8, 0, 0, 0, 8, 0, 0, 1, 0, 0, 0, 0, 0, 0, 0, 0, 0], [0, 0, 8, 8, 8, 8, 8, 8, 0, 8, 0, 8, 0, 0, 0, 0, 3, 0, 0, 0, 0, 0, 0, 0], [0, 0, 8, 0, 0, 0, 0, 0, 0, 0, 0, 8, 0, 0, 0, 0, 0, 0, 0, 0, 0, 0, 0, 1], [0, 0, 8, 0, 4, 0, 0, 0, 0, 3, 0, 8, 0, 0, 0, 0, 0, 0, 0, 0, 0, 0, 0, 0], [0, 0, 8, 0, 0, 0, 4, 0, 0, 0, 0, 8, 0, 0, 0, 7, 7, 7, 7, 7, 7, 7, 0, 0], [0, 0, 8, 0, 3, 0, 0, 0, 0, 4, 0, 8, 0, 0, 0, 7, 0, 0, 0, 0, 0, 7, 0, 0], [0, 0, 8, 0, 0, 0, 0, 0, 0, 0, 0, 8, 0, 0, 0, 7, 0, 2, 0, 1, 0, 7, 0, 0], [0, 0, 8, 0, 0, 8, 8, 8, 8, 0, 0, 8, 0, 0, 0, 7, 0, 0, 0, 0, 0, 7, 0, 0], [0, 0, 8, 8, 8, 8, 0, 0, 8, 8, 8, 8, 0, 0, 0, 7, 0, 1, 0, 0, 0, 0, 0, 0], [0, 0, 0, 0, 0, 0, 0, 0, 0, 0, 0, 0, 0, 0, 0, 7, 7, 7, 7, 7, 0, 0, 0, 0], [0, 0, 0, 0, 0, 3, 0, 0, 0, 0, 0, 0, 0, 0, 0, 0, 0, 0, 0, 0, 0, 0, 0, 0], [0, 0, 0, 0, 0, 0, 0, 0, 0, 0, 1, 0, 0, 0, 0, 0, 0, 0, 0, 0, 3, 0, 0, 0]]","[[0, 0, 0, 0, 0, 0, 0, 0, 0, 0, 0, 0, 0, 0, 0, 0, 0, 0, 0, 0, 0, 0, 0, 0], [0, 0, 0, 2, 2, 2, 2, 2, 2, 2, 0, 0, 0, 0, 0, 0, 3, 3, 3, 3, 3, 3, 0, 0], [0, 0, 0, 2, 1, 1, 1, 1, 1, 2, 2, 2, 0, 0, 0, 0, 3, 8, 8, 8, 8, 3, 0, 0], [0, 0, 0, 2, 1, 1, 1, 1, 1, 1, 1, 2, 0, 0, 0, 0, 3, 8, 8, 8, 8, 3, 0, 0], [0, 0, 0, 2, 1, 1, 1, 1, 1, 1, 1, 2, 0, 0, 3, 3, 3, 8, 8, 8, 8, 3, 0, 0], [0, 2, 2, 2, 1, 1, 1, 1, 1, 1, 1, 2, 0, 0, 3, 8, 8, 8, 8, 8, 8, 3, 0, 0], [0, 2, 1, 1, 1, 1, 1, 1, 1, 1, 1, 2, 0, 0, 3, 8, 8, 8, 8, 8, 8, 3, 0, 0], [0, 2, 1, 1, 1, 1, 1, 2, 2, 2, 2, 2, 0, 0, 3, 8, 8, 8, 8, 8, 8, 3, 0, 0], [0, 2, 1, 1, 1, 1, 1, 2, 0, 0, 0, 0, 0, 0, 3, 8, 8, 8, 8, 8, 8, 3, 0, 0], [0, 2, 2, 2, 2, 2, 2, 2, 0, 0, 0, 0, 0, 0, 3, 8, 8, 8, 8, 8, 8, 3, 0, 0], [0, 0, 0, 0, 0, 0, 0, 0, 0, 0, 0, 0, 0, 0, 3, 3, 3, 3, 8, 8, 8, 3, 0, 0], [0, 0, 0, 0, 0, 0, 0, 0, 0, 0, 0, 0, 0, 0, 0, 0, 0, 3, 8, 8, 8, 3, 0, 0], [0, 0, 0, 0, 0, 0, 0, 0, 0, 0, 0, 0, 0, 0, 0, 0, 0, 3, 8, 8, 8, 3, 0, 0], [0, 0, 0, 0, 0, 0, 0, 8, 8, 8, 8, 8, 0, 0, 0, 0, 0, 3, 3, 3, 3, 3, 0, 0], [0, 0, 0, 0, 0, 0, 0, 8, 4, 4, 4, 8, 0, 0, 0, 0, 0, 0, 0, 0, 0, 0, 0, 0], [0, 0, 8, 8, 8, 8, 8, 8, 4, 4, 4, 8, 0, 0, 0, 0, 0, 0, 0, 0, 0, 0, 0, 0], [0, 0, 8, 4, 4, 4, 4, 4, 4, 4, 4, 8, 0, 0, 0, 0, 0, 0, 0, 0, 0, 0, 0, 0], [0, 0, 8, 4, 4, 4, 4, 4, 4, 4, 4, 8, 0, 0, 0, 0, 0, 0, 0, 0, 0, 0, 0, 0], [0, 0, 8, 4, 4, 4, 4, 4, 4, 4, 4, 8, 0, 0, 0, 7, 7, 7, 7, 7, 7, 7, 0, 0], [0, 0, 8, 4, 4, 4, 4, 4, 4, 4, 4, 8, 0, 0, 0, 7, 0, 0, 0, 0, 0, 7, 0, 0], [0, 0, 8, 4, 4, 4, 4, 4, 4, 4, 4, 8, 0, 0, 0, 7, 0, 0, 0, 0, 0, 7, 0, 0], [0, 0, 8, 4, 4, 8, 8, 8, 8, 4, 4, 8, 0, 0, 0, 7, 0, 0, 0, 0, 0, 7, 0, 0], [0, 0, 8, 8, 8, 8, 0, 0, 8, 8, 8, 8, 0, 0, 0, 7, 0, 0, 0, 0, 0, 0, 0, 0], [0, 0, 0, 0, 0, 0, 0, 0, 0, 0, 0, 0, 0, 0, 0, 7, 7, 7, 7, 7, 0, 0, 0, 0], [0, 0, 0, 0, 0, 0, 0, 0, 0, 0, 0, 0, 0, 0, 0, 0, 0, 0, 0, 0, 0, 0, 0, 0], [0, 0, 0, 0, 0, 0, 0, 0, 0, 0, 0, 0, 0, 0, 0, 0, 0, 0, 0, 0, 0, 0, 0, 0]]","[[3, 3, 3, 3, 3, 3, 3, 3, 3, 3, 3, 3, 3, 3, 3, 3, 3, 3, 3, 3, 3, 3, 3, 3], [3, 3, 3, 2, 2, 2, 2, 2, 2, 2, 3, 3, 3, 1, 3, 3, 3, 3, 3, 3, 3, 3, 3, 1], [3, 3, 3, 2, 3, 3, 3, 3, 3, 2, 2, 2, 3, 3, 3, 3, 3, 0, 0, 0, 0, 3, 3, 3], [3, 3, 3, 2, 3, 6, 3, 3, 8, 3, 3, 2, 3, 3, 3, 3, 3, 0, 0, 6, 0, 3, 3, 3], [3, 3, 3, 2, 3, 3, 1, 3, 3, 3, 3, 2, 3, 3, 3, 3, 3, 0, 0, 0, 0, 3, 3, 3], [3, 2, 2, 2, 3, 3, 3, 3, 3, 3, 1, 2, 3, 3, 3, 0, 0, 0, 0, 8, 0, 3, 3, 3], [3, 2, 3, 3, 1, 3, 6, 3, 3, 3, 3, 2, 3, 3, 3, 8, 0, 0, 0, 0, 0, 3, 3, 3], [3, 2, 3, 3, 3, 3, 3, 2, 2, 2, 2, 2, 3, 3, 3, 0, 0, 0, 8, 0, 0, 3, 3, 3], [3, 2, 3, 3, 3, 3, 3, 2, 3, 3, 3, 3, 3, 3, 3, 0, 0, 0, 0, 1, 0, 3, 3, 3], [3, 2, 2, 2, 2, 2, 2, 2, 3, 3, 3, 3, 3, 3, 3, 0, 0, 0, 0, 0, 0, 3, 3, 3], [3, 3, 3, 3, 3, 3, 3, 3, 3, 3, 3, 1, 3, 3, 3, 3, 3, 3, 0, 0, 0, 3, 3, 3], [3, 3, 3, 1, 3, 3, 3, 3, 3, 3, 3, 3, 3, 3, 3, 3, 3, 3, 0, 8, 0, 3, 3, 3], [3, 3, 3, 3, 3, 3, 3, 3, 3, 3, 3, 3, 3, 3, 3, 3, 3, 3, 0, 0, 0, 3, 3, 3], [3, 3, 3, 3, 3, 3, 3, 8, 8, 8, 8, 8, 3, 3, 3, 3, 3, 3, 3, 3, 3, 3, 3, 3], [3, 3, 3, 3, 3, 3, 3, 8, 8, 8, 8, 8, 3, 3, 1, 3, 3, 3, 3, 3, 3, 3, 3, 3], [3, 3, 8, 8, 8, 8, 8, 8, 8, 8, 8, 8, 3, 3, 3, 3, 3, 3, 3, 3, 3, 3, 3, 3], [3, 3, 8, 8, 8, 8, 8, 8, 8, 8, 8, 8, 3, 3, 3, 3, 3, 3, 3, 3, 3, 3, 3, 1], [3, 3, 8, 8, 4, 8, 8, 8, 8, 3, 8, 8, 3, 3, 3, 3, 3, 3, 3, 3, 3, 3, 3, 3], [3, 3, 8, 8, 8, 8, 4, 8, 8, 8, 8, 8, 3, 3, 3, 7, 7, 7, 7, 7, 7, 7, 3, 3], [3, 3, 8, 8, 3, 8, 8, 8, 8, 4, 8, 8, 3, 3, 3, 7, 3, 3, 3, 3, 3, 7, 3, 3], [3, 3, 8, 8, 8, 8, 8, 8, 8, 8, 8, 8, 3, 3, 3, 7, 3, 2, 3, 1, 3, 7, 3, 3], [3, 3, 8, 8, 8, 8, 8, 8, 8, 8, 8, 8, 3, 3, 3, 7, 3, 3, 3, 3, 3, 7, 3, 3], [3, 3, 8, 8, 8, 8, 3, 3, 8, 8, 8, 8, 3, 3, 3, 7, 3, 1, 3, 3, 3, 3, 3, 3], [3, 3, 3, 3, 3, 3, 3, 3, 3, 3, 3, 3, 3, 3, 3, 7, 7, 7, 7, 7, 3, 3, 3, 3], [3, 3, 3, 3, 3, 3, 3, 3, 3, 3, 3, 3, 3, 3, 3, 3, 3, 3, 3, 3, 3, 3, 3, 3], [3, 3, 3, 3, 3, 3, 3, 3, 3, 3, 1, 3, 3, 3, 3, 3, 3, 3, 3, 3, 3, 3, 3, 3]]"
60a26a3e,False,"[[0, 0, 0, 0, 0, 0, 0, 0, 0, 0, 0, 0, 0, 0, 0], [0, 0, 2, 0, 0, 0, 0, 0, 0, 0, 0, 0, 0, 0, 0], [0, 2, 0, 2, 0, 0, 0, 0, 0, 0, 0, 0, 0, 0, 0], [0, 0, 2, 0, 0, 0, 0, 2, 0, 0, 0, 0, 0, 0, 0], [0, 0, 1, 0, 0, 0, 2, 0, 2, 0, 0, 0, 0, 0, 0], [0, 0, 2, 0, 0, 0, 0, 2, 0, 0, 2, 0, 0, 0, 0], [0, 2, 0, 2, 1, 1, 1, 1, 1, 2, 0, 2, 0, 0, 0], [0, 0, 2, 0, 0, 0, 0, 0, 0, 0, 2, 0, 0, 0, 0], [0, 0, 0, 0, 0, 0, 0, 0, 0, 0, 0, 0, 0, 0, 0]]","[[0, 0, 0, 0, 0, 0, 0, 0, 0, 0, 0, 0, 0, 0, 0], [0, 0, 0, 0, 0, 0, 0, 0, 0, 0, 0, 0, 0, 0, 0], [0, 0, 0, 0, 0, 0, 0, 0, 0, 0, 0, 0, 0, 0, 0], [0, 0, 0, 0, 0, 0, 0, 0, 0, 0, 0, 0, 0, 0, 0], [0, 0, 0, 0, 0, 0, 0, 0, 0, 0, 0, 0, 0, 0, 0], [0, 0, 0, 0, 0, 0, 0, 0, 0, 0, 0, 0, 0, 0, 0], [0, 0, 0, 0, 0, 0, 0, 0, 0, 0, 0, 0, 0, 0, 0], [0, 0, 0, 0, 0, 0, 0, 0, 0, 0, 0, 0, 0, 0, 0], [0, 0, 0, 0, 0, 0, 0, 0, 0, 0, 0, 0, 0, 0, 0]]","[[3, 3, 3, 3, 3, 3, 3, 3, 3, 3, 3, 3, 3, 3, 3], [3, 3, 2, 3, 3, 3, 3, 3, 3, 3, 3, 3, 3, 3, 3], [3, 2, 3, 2, 3, 3, 3, 3, 3, 3, 3, 3, 3, 3, 3], [3, 3, 2, 3, 3, 3, 3, 2, 3, 3, 3, 3, 3, 3, 3], [3, 3, 3, 3, 3, 3, 2, 3, 2, 3, 3, 3, 3, 3, 3], [3, 3, 2, 3, 3, 3, 3, 2, 3, 3, 2, 3, 3, 3, 3], [3, 2, 3, 2, 3, 3, 3, 3, 3, 2, 3, 2, 3, 3, 3], [3, 3, 2, 3, 3, 3, 3, 3, 3, 3, 2, 3, 3, 3, 3], [3, 3, 3, 3, 3, 3, 3, 3, 3, 3, 3, 3, 3, 3, 3]]","[[5, 5, 5, 5, 5, 5, 5, 5, 5, 5, 5, 5, 5, 5, 5], [5, 5, 2, 5, 5, 5, 5, 5, 5, 5, 5, 5, 5, 5, 5], [5, 2, 5, 2, 5, 5, 5, 5, 5, 5, 5, 5, 5, 5, 5], [5, 5, 2, 5, 5, 5, 5, 2, 5, 5, 5, 5, 5, 5, 5], [5, 5, 5, 5, 5, 5, 2, 5, 2, 5, 5, 5, 5, 5, 5], [5, 5, 2, 5, 5, 5, 5, 2, 5, 5, 2, 5, 5, 5, 5], [5, 2, 5, 2, 5, 5, 5, 5, 5, 2, 5, 2, 5, 5, 5], [5, 5, 2, 5, 5, 5, 5, 5, 5, 5, 2, 5, 5, 5, 5], [5, 5, 5, 5, 5, 5, 5, 5, 5, 5, 5, 5, 5, 5, 5]]"
67c52801,False,"[[0, 0, 0, 0, 0, 0, 0, 0, 0, 0, 0], [0, 0, 0, 0, 0, 0, 0, 0, 0, 0, 0], [0, 0, 0, 0, 0, 0, 0, 0, 0, 0, 0], [0, 0, 0, 0, 0, 0, 0, 0, 0, 0, 0], [0, 6, 0, 1, 1, 0, 2, 2, 2, 2, 0], [5, 6, 5, 1, 1, 5, 2, 2, 2, 2, 5], [5, 5, 5, 5, 5, 5, 5, 5, 5, 5, 5]]","[[2, 2, 0, 6, 6, 0, 0, 0, 0, 0, 0], [2, 2, 0, 0, 0, 0, 0, 0, 0, 0, 0], [2, 2, 0, 0, 0, 0, 0, 1, 1, 0, 0], [2, 2, 0, 0, 0, 0, 0, 1, 1, 0, 0], [0, 0, 0, 0, 0, 0, 0, 0, 0, 0, 0], [5, 0, 5, 0, 0, 5, 0, 0, 0, 0, 5], [5, 5, 5, 5, 5, 5, 5, 5, 5, 5, 5]]","[[2, 2, 3, 6, 6, 3, 3, 3, 3, 3, 3], [2, 2, 3, 3, 3, 3, 3, 3, 3, 3, 3], [2, 2, 3, 3, 3, 3, 3, 1, 1, 3, 3], [2, 2, 3, 3, 3, 3, 3, 1, 1, 3, 3], [3, 3, 3, 3, 3, 3, 3, 3, 3, 3, 3], [5, 3, 5, 3, 3, 5, 3, 3, 3, 3, 5], [5, 5, 5, 5, 5, 5, 5, 5, 5, 5, 5]]","[[2, 2, 5, 6, 6, 5, 5, 5, 5, 5, 5], [2, 2, 5, 5, 5, 5, 5, 5, 5, 5, 5], [2, 2, 5, 5, 5, 5, 5, 1, 1, 5, 5], [2, 2, 5, 5, 5, 5, 5, 1, 1, 5, 5], [5, 5, 5, 5, 5, 5, 5, 5, 5, 5, 5], [5, 5, 5, 5, 5, 5, 5, 5, 5, 5, 5], [5, 5, 5, 5, 5, 5, 5, 5, 5, 5, 5]]"
81c0276b,False,"[[4, 0, 0, 0], [3, 3, 0, 0], [6, 6, 6, 0], [2, 2, 2, 2]]","[[0, 0, 0, 0, 8, 0, 0, 0, 0, 8, 0, 0, 0, 0, 8, 0, 0, 0, 0, 8, 0], [0, 4, 4, 0, 8, 0, 6, 6, 0, 8, 0, 3, 3, 0, 8, 0, 2, 2, 0, 8, 0], [0, 4, 4, 0, 8, 0, 6, 6, 0, 8, 0, 3, 3, 0, 8, 0, 2, 2, 0, 8, 0], [0, 0, 0, 0, 8, 0, 0, 0, 0, 8, 0, 0, 0, 0, 8, 0, 0, 0, 0, 8, 0], [8, 8, 8, 8, 8, 8, 8, 8, 8, 8, 8, 8, 8, 8, 8, 8, 8, 8, 8, 8, 8], [0, 0, 0, 0, 8, 0, 0, 0, 0, 8, 0, 0, 0, 0, 8, 0, 0, 0, 0, 8, 0], [0, 6, 6, 0, 8, 0, 8, 8, 0, 8, 0, 8, 8, 0, 8, 0, 3, 3, 0, 8, 0], [0, 6, 6, 0, 8, 0, 8, 8, 0, 8, 0, 8, 8, 0, 8, 0, 3, 3, 0, 8, 0], [0, 0, 0, 0, 8, 0, 0, 0, 0, 8, 0, 0, 0, 0, 8, 0, 0, 0, 0, 8, 0], [8, 8, 8, 8, 8, 8, 8, 8, 8, 8, 8, 8, 8, 8, 8, 8, 8, 8, 8, 8, 8], [0, 0, 0, 0, 8, 0, 0, 0, 0, 8, 0, 0, 0, 0, 8, 0, 0, 0, 0, 8, 0], [0, 8, 8, 0, 8, 0, 6, 6, 0, 8, 0, 2, 2, 0, 8, 0, 8, 8, 0, 8, 0], [0, 8, 8, 0, 8, 0, 6, 6, 0, 8, 0, 2, 2, 0, 8, 0, 8, 8, 0, 8, 0], [0, 0, 0, 0, 8, 0, 0, 0, 0, 8, 0, 0, 0, 0, 8, 0, 0, 0, 0, 8, 0], [8, 8, 8, 8, 8, 8, 8, 8, 8, 8, 8, 8, 8, 8, 8, 8, 8, 8, 8, 8, 8], [0, 0, 0, 0, 8, 0, 0, 0, 0, 8, 0, 0, 0, 0, 8, 0, 0, 0, 0, 8, 0], [0, 2, 2, 0, 8, 0, 2, 2, 0, 8, 0, 8, 8, 0, 8, 0, 8, 8, 0, 8, 0], [0, 2, 2, 0, 8, 0, 2, 2, 0, 8, 0, 8, 8, 0, 8, 0, 8, 8, 0, 8, 0], [0, 0, 0, 0, 8, 0, 0, 0, 0, 8, 0, 0, 0, 0, 8, 0, 0, 0, 0, 8, 0]]","[[0, 0, 0, 0, 8, 0, 0, 0, 0, 8, 0, 0, 0, 0, 8, 0, 0, 0, 0, 8, 0], [0, 4, 4, 0, 8, 0, 6, 6, 0, 8, 0, 3, 3, 0, 8, 0, 2, 2, 0, 8, 0], [0, 4, 4, 0, 8, 0, 6, 6, 0, 8, 0, 3, 3, 0, 8, 0, 2, 2, 0, 8, 0], [0, 0, 0, 0, 8, 0, 0, 0, 0, 8, 0, 0, 0, 0, 8, 0, 0, 0, 0, 8, 0], [8, 8, 8, 8, 8, 8, 8, 8, 8, 8, 8, 8, 8, 8, 8, 8, 8, 8, 8, 8, 8], [0, 0, 0, 0, 8, 8, 8, 8, 8, 8, 8, 8, 8, 8, 8, 8, 8, 8, 8, 8, 0], [0, 6, 6, 0, 8, 8, 8, 8, 8, 8, 8, 8, 8, 8, 8, 8, 8, 8, 8, 8, 0], [0, 6, 6, 0, 8, 8, 8, 8, 8, 8, 8, 8, 8, 8, 8, 8, 8, 8, 8, 8, 0], [0, 0, 0, 0, 8, 8, 8, 8, 8, 8, 8, 8, 8, 8, 8, 8, 8, 8, 8, 8, 0], [8, 8, 8, 8, 8, 8, 8, 8, 8, 8, 8, 8, 8, 8, 8, 8, 8, 8, 8, 8, 8], [0, 0, 0, 0, 8, 8, 8, 8, 8, 8, 8, 8, 8, 8, 8, 8, 8, 8, 8, 8, 0], [0, 8, 8, 0, 8, 8, 8, 8, 8, 8, 8, 8, 8, 8, 8, 8, 8, 8, 8, 8, 0], [0, 8, 8, 0, 8, 8, 8, 8, 8, 8, 8, 8, 8, 8, 8, 8, 8, 8, 8, 8, 0], [0, 0, 0, 0, 8, 8, 8, 8, 8, 8, 8, 8, 8, 8, 8, 8, 8, 8, 8, 8, 0], [8, 8, 8, 8, 8, 8, 8, 8, 8, 8, 8, 8, 8, 8, 8, 8, 8, 8, 8, 8, 8], [0, 0, 0, 0, 8, 0, 0, 0, 0, 8, 0, 0, 0, 0, 8, 0, 0, 0, 0, 8, 0], [0, 2, 2, 0, 8, 0, 2, 2, 0, 8, 0, 8, 8, 0, 8, 0, 8, 8, 0, 8, 0], [0, 2, 2, 0, 8, 0, 2, 2, 0, 8, 0, 8, 8, 0, 8, 0, 8, 8, 0, 8, 0], [0, 0, 0, 0, 8, 0, 0, 0, 0, 8, 0, 0, 0, 0, 8, 0, 0, 0, 0, 8, 0]]","[[8, 8, 8, 8, 8, 0, 0, 0, 0, 8, 0, 0, 0, 0, 8, 3, 3, 3, 3, 8, 0], [8, 4, 4, 8, 8, 0, 6, 6, 0, 8, 0, 3, 3, 0, 8, 3, 2, 2, 3, 8, 0], [8, 4, 4, 8, 8, 0, 6, 6, 0, 8, 0, 3, 3, 0, 8, 3, 2, 2, 3, 8, 0], [8, 8, 8, 8, 8, 0, 0, 0, 0, 8, 0, 0, 0, 0, 8, 3, 3, 3, 3, 8, 0], [8, 8, 8, 8, 8, 8, 8, 8, 8, 8, 8, 8, 8, 8, 8, 8, 8, 8, 8, 8, 8], [0, 0, 0, 0, 8, 0, 0, 0, 0, 8, 0, 0, 0, 0, 8, 0, 0, 0, 0, 8, 0], [0, 6, 6, 0, 8, 0, 8, 8, 0, 8, 0, 8, 8, 0, 8, 0, 3, 3, 0, 8, 0], [0, 6, 6, 0, 8, 0, 8, 8, 0, 8, 0, 8, 8, 0, 8, 0, 3, 3, 0, 8, 0], [0, 0, 0, 0, 8, 0, 0, 0, 0, 8, 0, 0, 0, 0, 8, 0, 0, 0, 0, 8, 0], [8, 8, 8, 8, 8, 8, 8, 8, 8, 8, 8, 8, 8, 8, 8, 8, 8, 8, 8, 8, 8], [0, 0, 0, 0, 8, 0, 0, 0, 0, 8, 3, 3, 3, 3, 8, 0, 0, 0, 0, 8, 0], [0, 8, 8, 0, 8, 0, 6, 6, 0, 8, 3, 2, 2, 3, 8, 0, 8, 8, 0, 8, 0], [0, 8, 8, 0, 8, 0, 6, 6, 0, 8, 3, 2, 2, 3, 8, 0, 8, 8, 0, 8, 0], [0, 0, 0, 0, 8, 0, 0, 0, 0, 8, 3, 3, 3, 3, 8, 0, 0, 0, 0, 8, 0], [8, 8, 8, 8, 8, 8, 8, 8, 8, 8, 8, 8, 8, 8, 8, 8, 8, 8, 8, 8, 8], [3, 3, 3, 3, 8, 3, 3, 3, 3, 8, 0, 0, 0, 0, 8, 0, 0, 0, 0, 8, 0], [3, 2, 2, 3, 8, 3, 2, 2, 3, 8, 0, 8, 8, 0, 8, 0, 8, 8, 0, 8, 0], [3, 2, 2, 3, 8, 3, 2, 2, 3, 8, 0, 8, 8, 0, 8, 0, 8, 8, 0, 8, 0], [3, 3, 3, 3, 8, 3, 3, 3, 3, 8, 0, 0, 0, 0, 8, 0, 0, 0, 0, 8, 0]]"
992798f6,True,"[[0, 0, 0, 0, 0, 0, 0, 0, 0, 0, 0, 0, 0, 0, 0, 0], [0, 0, 0, 0, 1, 0, 0, 0, 0, 0, 0, 0, 0, 0, 0, 0], [0, 0, 0, 0, 0, 3, 0, 0, 0, 0, 0, 0, 0, 0, 0, 0], [0, 0, 0, 0, 0, 0, 3, 0, 0, 0, 0, 0, 0, 0, 0, 0], [0, 0, 0, 0, 0, 0, 0, 3, 0, 0, 0, 0, 0, 0, 0, 0], [0, 0, 0, 0, 0, 0, 0, 0, 3, 0, 0, 0, 0, 0, 0, 0], [0, 0, 0, 0, 0, 0, 0, 0, 0, 3, 0, 0, 0, 0, 0, 0], [0, 0, 0, 0, 0, 0, 0, 0, 0, 0, 3, 0, 0, 0, 0, 0], [0, 0, 0, 0, 0, 0, 0, 0, 0, 0, 0, 3, 0, 0, 0, 0], [0, 0, 0, 0, 0, 0, 0, 0, 0, 0, 0, 3, 0, 0, 0, 0], [0, 0, 0, 0, 0, 0, 0, 0, 0, 0, 0, 3, 0, 0, 0, 0], [0, 0, 0, 0, 0, 0, 0, 0, 0, 0, 0, 3, 0, 0, 0, 0], [0, 0, 0, 0, 0, 0, 0, 0, 0, 0, 0, 3, 0, 0, 0, 0], [0, 0, 0, 0, 0, 0, 0, 0, 0, 0, 0, 0, 2, 0, 0, 0], [0, 0, 0, 0, 0, 0, 0, 0, 0, 0, 0, 0, 0, 0, 0, 0], [0, 0, 0, 0, 0, 0, 0, 0, 0, 0, 0, 0, 0, 0, 0, 0]]","[[0, 0, 0, 0, 0, 0, 0, 0, 0, 0, 0, 0, 0, 0, 0, 0], [0, 0, 0, 0, 1, 0, 0, 0, 0, 0, 0, 0, 0, 0, 0, 0], [0, 0, 0, 0, 0, 3, 0, 0, 0, 0, 0, 0, 0, 0, 0, 0], [0, 0, 0, 0, 0, 0, 3, 0, 0, 0, 0, 0, 0, 0, 0, 0], [0, 0, 0, 0, 0, 0, 0, 3, 0, 0, 0, 0, 0, 0, 0, 0], [0, 0, 0, 0, 0, 0, 0, 0, 3, 0, 0, 0, 0, 0, 0, 0], [0, 0, 0, 0, 0, 0, 0, 0, 0, 3, 0, 0, 0, 0, 0, 0], [0, 0, 0, 0, 0, 0, 0, 0, 0, 0, 3, 0, 0, 0, 0, 0], [0, 0, 0, 0, 0, 0, 0, 0, 0, 0, 0, 3, 0, 0, 0, 0], [0, 0, 0, 0, 0, 0, 0, 0, 0, 0, 0, 3, 0, 0, 0, 0], [0, 0, 0, 0, 0, 0, 0, 0, 0, 0, 0, 3, 0, 0, 0, 0], [0, 0, 0, 0, 0, 0, 0, 0, 0, 0, 0, 3, 0, 0, 0, 0], [0, 0, 0, 0, 0, 0, 0, 0, 0, 0, 0, 3, 0, 0, 0, 0], [0, 0, 0, 0, 0, 0, 0, 0, 0, 0, 0, 0, 2, 0, 0, 0], [0, 0, 0, 0, 0, 0, 0, 0, 0, 0, 0, 0, 0, 0, 0, 0], [0, 0, 0, 0, 0, 0, 0, 0, 0, 0, 0, 0, 0, 0, 0, 0]]"
bbb1b8b6,False,"[[1, 1, 3, 3], [1, 3, 3, 1], [3, 3, 3, 1], [3, 1, 1, 1]]","[[1, 1, 0, 0, 5, 0, 0, 3, 3], [1, 0, 0, 1, 5, 0, 3, 3, 0], [0, 0, 0, 1, 5, 3, 3, 3, 0], [0, 1, 1, 1, 5, 3, 0, 0, 0]]","[[1, 1, 0, 0, 5, 0, 0, 3, 3], [1, 0, 0, 1, 5, 0, 3, 3, 0], [0, 0, 0, 1, 5, 3, 3, 3, 0], [0, 1, 1, 1, 5, 3, 0, 0, 0]]","[[1, 1, 0, 0, 5, 0, 0, 3, 3], [1, 0, 0, 1, 5, 0, 3, 3, 0], [0, 0, 0, 1, 5, 3, 3, 3, 0], [0, 1, 1, 1, 5, 3, 0, 0, 0]]"
bcb3040b,False,"[[1, 1, 0, 1, 0, 1, 0, 1, 1, 1, 0, 1, 1, 1, 1, 1, 1, 2], [1, 1, 0, 0, 1, 0, 1, 0, 0, 0, 1, 0, 0, 0, 1, 0, 3, 1], [0, 1, 1, 0, 0, 0, 0, 1, 0, 0, 1, 1, 0, 1, 0, 2, 0, 0], [1, 1, 1, 0, 0, 0, 0, 1, 1, 0, 0, 0, 1, 0, 3, 0, 0, 1], [0, 1, 0, 1, 0, 0, 1, 0, 1, 0, 0, 0, 0, 2, 0, 1, 0, 0], [1, 1, 0, 1, 1, 0, 1, 1, 0, 0, 1, 1, 3, 0, 1, 0, 1, 1], [1, 0, 0, 0, 0, 0, 0, 0, 0, 1, 0, 2, 1, 1, 0, 1, 0, 1], [1, 1, 0, 0, 1, 1, 1, 1, 0, 0, 3, 0, 0, 1, 1, 1, 1, 1], [0, 0, 1, 1, 1, 1, 1, 0, 0, 2, 1, 0, 1, 1, 1, 1, 0, 0], [1, 1, 1, 0, 1, 0, 0, 0, 2, 1, 0, 1, 0, 0, 1, 1, 1, 0], [0, 0, 0, 0, 0, 1, 1, 2, 0, 0, 0, 0, 0, 1, 0, 1, 0, 0], [0, 0, 1, 1, 1, 0, 3, 1, 0, 0, 0, 1, 1, 0, 1, 1, 1, 1], [1, 1, 1, 1, 0, 3, 1, 0, 1, 1, 1, 1, 1, 0, 1, 0, 0, 1], [1, 1, 0, 0, 3, 0, 1, 0, 1, 1, 1, 1, 1, 1, 0, 0, 0, 0], [1, 0, 0, 3, 0, 0, 0, 1, 1, 0, 0, 1, 1, 0, 1, 0, 1, 0], [1, 1, 3, 1, 1, 1, 1, 0, 1, 0, 0, 1, 1, 1, 0, 1, 0, 0], [1, 3, 0, 0, 0, 1, 0, 1, 0, 0, 1, 0, 0, 1, 0, 1, 1, 1], [2, 0, 1, 1, 0, 0, 0, 0, 0, 1, 1, 1, 1, 0, 1, 0, 0, 0]]","[[0, 0, 0], [0, 0, 0], [0, 0, 0]]"
c1990cce,False,"[[0, 0, 0, 0, 0, 0, 0, 0, 2, 0, 0, 0, 0, 0, 0, 0, 0], [0, 0, 0, 0, 0, 0, 0, 2, 0, 2, 0, 0, 0, 0, 0, 0, 0], [0, 0, 0, 0, 0, 0, 2, 0, 0, 0, 2, 0, 0, 0, 0, 0, 0], [0, 0, 0, 0, 0, 2, 0, 1, 0, 0, 0, 2, 0, 0, 0, 0, 0], [0, 0, 0, 0, 2, 0, 0, 0, 1, 0, 0, 0, 2, 0, 0, 0, 0], [0, 0, 0, 2, 0, 1, 0, 0, 0, 1, 0, 0, 0, 2, 0, 0, 0], [0, 0, 2, 0, 0, 0, 1, 0, 0, 0, 1, 0, 0, 0, 2, 0, 0], [0, 2, 0, 1, 0, 0, 0, 1, 0, 0, 0, 1, 0, 0, 0, 2, 0], [2, 0, 0, 0, 1, 0, 0, 0, 1, 0, 0, 0, 1, 0, 0, 0, 2], [0, 1, 0, 0, 0, 1, 0, 0, 0, 1, 0, 0, 0, 1, 0, 0, 0], [0, 0, 1, 0, 0, 0, 1, 0, 0, 0, 1, 0, 0, 0, 1, 0, 0], [0, 0, 0, 1, 0, 0, 0, 1, 0, 0, 0, 1, 0, 0, 0, 1, 0], [1, 0, 0, 0, 1, 0, 0, 0, 1, 0, 0, 0, 1, 0, 0, 0, 1], [0, 1, 0, 0, 0, 1, 0, 0, 0, 1, 0, 0, 0, 1, 0, 0, 0], [0, 0, 1, 0, 0, 0, 1, 0, 0, 0, 1, 0, 0, 0, 1, 0, 0], [0, 0, 0, 1, 0, 0, 0, 1, 0, 0, 0, 1, 0, 0, 0, 1, 0], [1, 0, 0, 0, 1, 0, 0, 0, 1, 0, 0, 0, 1, 0, 0, 0, 1]]","[[0, 0, 0, 0, 0, 0, 0, 0, 0, 0, 0, 0, 0, 0, 0, 0, 0]]","[[3, 3, 3, 3, 3, 3, 3, 3, 2, 3, 3, 3, 3, 3, 3, 3, 3]]","[[5, 5, 5, 5, 5, 5, 5, 5, 2, 5, 5, 5, 5, 5, 5, 5, 5]]"
c48954c1,False,"[[8, 8, 6, 6, 8, 8, 8, 8, 6], [6, 3, 6, 6, 3, 6, 6, 3, 6], [6, 8, 8, 8, 8, 6, 6, 8, 8], [6, 8, 8, 8, 8, 6, 6, 8, 8], [6, 3, 6, 6, 3, 6, 6, 3, 6], [8, 8, 6, 6, 8, 8, 8, 8, 6], [8, 8, 6, 6, 8, 8, 8, 8, 6], [6, 3, 6, 6, 3, 6, 6, 3, 6], [6, 8, 8, 8, 8, 6, 6, 8, 8]]","[[8, 8, 6], [6, 0, 6], [6, 8, 8]]","[[8, 8, 6], [6, 3, 6], [6, 8, 8]]","[[8, 8, 6], [6, 3, 6], [6, 8, 8]]"
c8b7cc0f,True,"[[2, 2, 2], [2, 0, 0], [0, 0, 0]]","[[2, 2, 2], [2, 0, 0], [0, 0, 0]]"
d931c21c,False,"[[0, 0, 0, 0, 0, 0, 0, 0, 0, 0, 0, 0, 0, 0, 0, 0, 0, 0, 0, 0, 0, 0, 0, 0, 2, 2, 2, 2, 2, 2], [0, 0, 0, 0, 0, 0, 0, 0, 0, 0, 0, 0, 0, 0, 0, 0, 0, 0, 0, 0, 0, 0, 0, 0, 2, 1, 1, 1, 1, 1], [0, 0, 0, 0, 0, 0, 0, 0, 0, 0, 0, 0, 0, 0, 0, 0, 0, 0, 0, 0, 0, 0, 0, 0, 2, 1, 3, 3, 3, 1], [0, 0, 0, 0, 2, 2, 2, 2, 2, 2, 2, 0, 0, 0, 0, 0, 0, 2, 2, 2, 2, 2, 0, 2, 2, 1, 3, 0, 3, 1], [0, 0, 0, 0, 2, 1, 1, 1, 1, 1, 2, 2, 2, 0, 0, 0, 0, 2, 1, 1, 1, 2, 0, 2, 1, 1, 3, 0, 3, 1], [0, 0, 0, 0, 2, 1, 3, 3, 3, 1, 1, 1, 2, 0, 0, 0, 0, 2, 1, 3, 1, 2, 0, 2, 1, 3, 3, 3, 3, 1], [0, 0, 0, 0, 2, 1, 3, 0, 3, 3, 3, 1, 2, 0, 0, 0, 0, 2, 1, 3, 1, 2, 0, 2, 1, 1, 1, 1, 1, 1], [0, 0, 0, 0, 2, 1, 3, 3, 3, 3, 3, 1, 2, 0, 0, 0, 0, 2, 1, 1, 1, 2, 0, 2, 2, 2, 2, 2, 2, 2], [0, 0, 0, 0, 2, 1, 1, 1, 1, 3, 3, 1, 2, 0, 0, 0, 0, 2, 2, 2, 2, 2, 0, 0, 0, 0, 0, 0, 0, 0], [0, 0, 0, 0, 2, 2, 2, 2, 1, 3, 3, 1, 2, 0, 0, 0, 0, 0, 0, 0, 0, 0, 0, 0, 0, 0, 0, 0, 0, 0], [0, 0, 0, 0, 0, 0, 0, 2, 1, 1, 1, 1, 2, 0, 0, 0, 0, 0, 0, 0, 0, 0, 0, 0, 0, 0, 0, 0, 0, 0], [0, 0, 0, 0, 0, 0, 0, 2, 2, 2, 2, 2, 2, 0, 0, 0, 0, 0, 0, 0, 0, 1, 1, 1, 1, 1, 1, 0, 0, 0], [0, 0, 0, 0, 0, 0, 0, 0, 0, 0, 0, 0, 0, 0, 0, 0, 0, 0, 0, 0, 0, 1, 0, 0, 0, 0, 1, 0, 0, 0], [0, 0, 0, 0, 0, 0, 0, 0, 0, 0, 0, 0, 0, 0, 0, 0, 0, 0, 0, 0, 0, 1, 0, 0, 0, 0, 1, 0, 0, 0], [0, 0, 0, 0, 0, 0, 0, 0, 0, 0, 0, 0, 0, 0, 0, 0, 0, 0, 0, 0, 0, 1, 0, 0, 0, 0, 1, 0, 0, 0], [0, 0, 0, 0, 0, 0, 0, 0, 0, 0, 0, 0, 0, 0, 0, 0, 0, 0, 0, 0, 0, 1, 0, 0, 0, 0, 1, 0, 0, 0], [0, 0, 0, 0, 0, 0, 0, 0, 1, 1, 1, 1, 1, 1, 1, 1, 1, 0, 0, 0, 0, 1, 1, 1, 1, 0, 1, 0, 0, 0], [0, 0, 0, 0, 0, 0, 0, 0, 1, 0, 0, 0, 0, 0, 0, 0, 1, 0, 0, 0, 0, 0, 0, 0, 0, 0, 0, 0, 0, 0], [0, 0, 0, 0, 0, 0, 0, 0, 1, 0, 0, 0, 0, 0, 0, 0, 0, 0, 0, 0, 0, 0, 0, 0, 0, 0, 0, 0, 0, 0], [0, 0, 0, 0, 0, 0, 0, 0, 1, 0, 0, 0, 0, 0, 0, 0, 1, 0, 0, 0, 0, 0, 0, 0, 0, 0, 0, 0, 0, 0], [0, 0, 0, 0, 0, 0, 0, 0, 1, 0, 0, 0, 0, 0, 0, 0, 0, 0, 0, 0, 0, 0, 0, 0, 0, 0, 0, 0, 0, 0], [0, 0, 0, 0, 0, 0, 0, 0, 1, 1, 1, 1, 0, 0, 0, 0, 1, 0, 0, 0, 0, 2, 2, 2, 2, 2, 2, 2, 0, 0], [0, 0, 0, 0, 0, 0, 0, 0, 0, 0, 0, 1, 0, 0, 0, 0, 1, 0, 0, 0, 0, 2, 1, 1, 1, 1, 1, 2, 0, 0], [0, 0, 0, 0, 0, 0, 0, 0, 0, 0, 0, 1, 0, 0, 0, 0, 1, 0, 0, 0, 0, 2, 1, 3, 3, 3, 1, 2, 0, 0], [0, 0, 0, 0, 0, 0, 0, 0, 0, 0, 0, 1, 1, 1, 1, 1, 1, 0, 0, 0, 0, 2, 1, 1, 3, 3, 1, 2, 0, 0], [0, 0, 0, 0, 0, 0, 0, 0, 0, 0, 0, 0, 0, 0, 0, 0, 0, 0, 0, 0, 0, 2, 2, 1, 3, 3, 1, 2, 0, 0], [0, 0, 0, 0, 0, 0, 0, 0, 0, 0, 0, 0, 0, 0, 0, 0, 0, 0, 0, 0, 0, 0, 2, 1, 1, 1, 1, 2, 0, 0], [0, 0, 0, 0, 0, 0, 0, 0, 0, 0, 0, 0, 0, 0, 0, 0, 0, 0, 0, 0, 0, 0, 2, 2, 2, 2, 2, 2, 0, 0], [0, 0, 0, 0, 0, 0, 0, 0, 0, 0, 0, 0, 0, 0, 0, 0, 0, 0, 0, 0, 0, 0, 0, 0, 0, 0, 0, 0, 0, 0], [0, 0, 0, 0, 0, 0, 0, 0, 0, 0, 0, 0, 0, 0, 0, 0, 0, 0, 0, 0, 0, 0, 0, 0, 0, 0, 0, 0, 0, 0]]","[[0, 0, 0, 0, 0, 0, 0, 0, 0, 0, 0, 0, 0, 0, 0, 0, 0, 0, 0, 0, 0, 0, 0, 0, 0, 0, 0, 0, 0, 0], [0, 0, 0, 0, 0, 0, 0, 0, 0, 0, 0, 0, 0, 0, 0, 0, 0, 0, 0, 0, 0, 0, 0, 0, 0, 1, 1, 1, 1, 1], [0, 0, 0, 0, 0, 0, 0, 0, 0, 0, 0, 0, 0, 0, 0, 0, 0, 0, 0, 0, 0, 0, 0, 0, 0, 1, 0, 0, 0, 1], [0, 0, 0, 0, 0, 0, 0, 0, 0, 0, 0, 0, 0, 0, 0, 0, 0, 0, 0, 0, 0, 0, 0, 0, 0, 1, 0, 0, 0, 1], [0, 0, 0, 0, 0, 1, 1, 1, 1, 1, 0, 0, 0, 0, 0, 0, 0, 0, 1, 1, 1, 0, 0, 0, 1, 1, 0, 0, 0, 1], [0, 0, 0, 0, 0, 1, 0, 0, 0, 1, 1, 1, 0, 0, 0, 0, 0, 0, 1, 0, 1, 0, 0, 0, 1, 0, 0, 0, 0, 1], [0, 0, 0, 0, 0, 1, 0, 0, 0, 0, 0, 1, 0, 0, 0, 0, 0, 0, 1, 0, 1, 0, 0, 0, 1, 1, 1, 1, 1, 1], [0, 0, 0, 0, 0, 1, 0, 0, 0, 0, 0, 1, 0, 0, 0, 0, 0, 0, 1, 1, 1, 0, 0, 0, 0, 0, 0, 0, 0, 0], [0, 0, 0, 0, 0, 1, 1, 1, 1, 0, 0, 1, 0, 0, 0, 0, 0, 0, 0, 0, 0, 0, 0, 0, 0, 0, 0, 0, 0, 0], [0, 0, 0, 0, 0, 0, 0, 0, 1, 0, 0, 1, 0, 0, 0, 0, 0, 0, 0, 0, 0, 0, 0, 0, 0, 0, 0, 0, 0, 0], [0, 0, 0, 0, 0, 0, 0, 0, 1, 1, 1, 1, 0, 0, 0, 0, 0, 0, 0, 0, 0, 0, 0, 0, 0, 0, 0, 0, 0, 0], [0, 0, 0, 0, 0, 0, 0, 0, 0, 0, 0, 0, 0, 0, 0, 0, 0, 0, 0, 0, 0, 1, 1, 1, 1, 1, 1, 0, 0, 0], [0, 0, 0, 0, 0, 0, 0, 0, 0, 0, 0, 0, 0, 0, 0, 0, 0, 0, 0, 0, 0, 1, 0, 0, 0, 0, 1, 0, 0, 0], [0, 0, 0, 0, 0, 0, 0, 0, 0, 0, 0, 0, 0, 0, 0, 0, 0, 0, 0, 0, 0, 1, 0, 0, 0, 0, 1, 0, 0, 0], [0, 0, 0, 0, 0, 0, 0, 0, 0, 0, 0, 0, 0, 0, 0, 0, 0, 0, 0, 0, 0, 1, 0, 0, 0, 0, 1, 0, 0, 0], [0, 0, 0, 0, 0, 0, 0, 0, 0, 0, 0, 0, 0, 0, 0, 0, 0, 0, 0, 0, 0, 1, 0, 0, 0, 0, 1, 0, 0, 0], [0, 0, 0, 0, 0, 0, 0, 0, 1, 1, 1, 1, 1, 1, 1, 1, 1, 0, 0, 0, 0, 1, 1, 1, 1, 0, 1, 0, 0, 0], [0, 0, 0, 0, 0, 0, 0, 0, 1, 0, 0, 0, 0, 0, 0, 0, 1, 0, 0, 0, 0, 0, 0, 0, 0, 0, 0, 0, 0, 0], [0, 0, 0, 0, 0, 0, 0, 0, 1, 0, 0, 0, 0, 0, 0, 0, 0, 0, 0, 0, 0, 0, 0, 0, 0, 0, 0, 0, 0, 0], [0, 0, 0, 0, 0, 0, 0, 0, 1, 0, 0, 0, 0, 0, 0, 0, 0, 0, 0, 0, 0, 0, 0, 0, 0, 0, 0, 0, 0, 0], [0, 0, 0, 0, 0, 0, 0, 0, 1, 0, 0, 0, 0, 0, 0, 0, 0, 0, 0, 0, 0, 0, 0, 0, 0, 0, 0, 0, 0, 0], [0, 0, 0, 0, 0, 0, 0, 0, 1, 1, 1, 1, 0, 0, 0, 0, 1, 0, 0, 0, 0, 0, 0, 0, 0, 0, 0, 0, 0, 0], [0, 0, 0, 0, 0, 0, 0, 0, 0, 0, 0, 1, 0, 0, 0, 0, 1, 0, 0, 0, 0, 0, 1, 1, 1, 1, 1, 0, 0, 0], [0, 0, 0, 0, 0, 0, 0, 0, 0, 0, 0, 1, 0, 0, 0, 0, 1, 0, 0, 0, 0, 0, 1, 0, 0, 0, 1, 0, 0, 0], [0, 0, 0, 0, 0, 0, 0, 0, 0, 0, 0, 1, 1, 1, 1, 1, 1, 0, 0, 0, 0, 0, 1, 1, 0, 0, 1, 0, 0, 0], [0, 0, 0, 0, 0, 0, 0, 0, 0, 0, 0, 0, 0, 0, 0, 0, 0, 0, 0, 0, 0, 0, 0, 1, 0, 0, 1, 0, 0, 0], [0, 0, 0, 0, 0, 0, 0, 0, 0, 0, 0, 0, 0, 0, 0, 0, 0, 0, 0, 0, 0, 0, 0, 1, 1, 1, 1, 0, 0, 0], [0, 0, 0, 0, 0, 0, 0, 0, 0, 0, 0, 0, 0, 0, 0, 0, 0, 0, 0, 0, 0, 0, 0, 0, 0, 0, 0, 0, 0, 0], [0, 0, 0, 0, 0, 0, 0, 0, 0, 0, 0, 0, 0, 0, 0, 0, 0, 0, 0, 0, 0, 0, 0, 0, 0, 0, 0, 0, 0, 0], [0, 0, 0, 0, 0, 0, 0, 0, 0, 0, 0, 0, 0, 0, 0, 0, 0, 0, 0, 0, 0, 0, 0, 0, 0, 0, 0, 0, 0, 0]]","[[0, 0, 0, 0, 0, 0, 0, 0, 0, 0, 0, 0, 0, 0, 0, 0, 0, 0, 0, 0, 0, 0, 0, 0, 0, 0, 0, 0, 0, 0], [0, 0, 0, 0, 0, 0, 0, 0, 0, 0, 0, 0, 0, 0, 0, 0, 0, 0, 0, 0, 0, 0, 0, 0, 0, 1, 1, 1, 1, 1], [0, 0, 0, 0, 0, 0, 0, 0, 0, 0, 0, 0, 0, 0, 0, 0, 0, 0, 0, 0, 0, 0, 0, 0, 0, 1, 0, 0, 0, 1], [0, 0, 0, 0, 0, 0, 0, 0, 0, 0, 0, 0, 0, 0, 0, 0, 0, 0, 0, 0, 0, 0, 0, 0, 0, 1, 0, 0, 0, 1], [0, 0, 0, 0, 0, 1, 1, 1, 1, 1, 0, 0, 0, 0, 0, 0, 0, 0, 1, 1, 1, 0, 0, 0, 1, 1, 0, 0, 0, 1], [0, 0, 0, 0, 0, 1, 0, 0, 0, 1, 1, 1, 0, 0, 0, 0, 0, 0, 1, 0, 1, 0, 0, 0, 1, 0, 0, 0, 0, 1], [0, 0, 0, 0, 0, 1, 0, 0, 0, 0, 0, 1, 0, 0, 0, 0, 0, 0, 1, 0, 1, 0, 0, 0, 1, 1, 1, 1, 1, 1], [0, 0, 0, 0, 0, 1, 0, 0, 0, 0, 0, 1, 0, 0, 0, 0, 0, 0, 1, 1, 1, 0, 0, 0, 0, 0, 0, 0, 0, 0], [0, 0, 0, 0, 0, 1, 1, 1, 1, 0, 0, 1, 0, 0, 0, 0, 0, 0, 0, 0, 0, 0, 0, 0, 0, 0, 0, 0, 0, 0], [0, 0, 0, 0, 0, 0, 0, 0, 1, 0, 0, 1, 0, 0, 0, 0, 0, 0, 0, 0, 0, 0, 0, 0, 0, 0, 0, 0, 0, 0], [0, 0, 0, 0, 0, 0, 0, 0, 1, 1, 1, 1, 0, 0, 0, 0, 0, 0, 0, 0, 0, 0, 0, 0, 0, 0, 0, 0, 0, 0], [0, 0, 0, 0, 0, 0, 0, 0, 0, 0, 0, 0, 0, 0, 0, 0, 0, 0, 0, 0, 0, 1, 1, 1, 1, 1, 1, 0, 0, 0], [0, 0, 0, 0, 0, 0, 0, 0, 0, 0, 0, 0, 0, 0, 0, 0, 0, 0, 0, 0, 0, 1, 0, 0, 0, 0, 1, 0, 0, 0], [0, 0, 0, 0, 0, 0, 0, 0, 0, 0, 0, 0, 0, 0, 0, 0, 0, 0, 0, 0, 0, 1, 0, 0, 0, 0, 1, 0, 0, 0], [0, 0, 0, 0, 0, 0, 0, 0, 0, 0, 0, 0, 0, 0, 0, 0, 0, 0, 0, 0, 0, 1, 0, 0, 0, 0, 1, 0, 0, 0], [0, 0, 0, 0, 0, 0, 0, 0, 0, 0, 0, 0, 0, 0, 0, 0, 0, 0, 0, 0, 0, 1, 0, 0, 0, 0, 1, 0, 0, 0], [0, 0, 0, 0, 0, 0, 0, 0, 1, 1, 1, 1, 1, 1, 1, 1, 1, 0, 0, 0, 0, 1, 1, 1, 1, 0, 1, 0, 0, 0], [0, 0, 0, 0, 0, 0, 0, 0, 1, 0, 0, 0, 0, 0, 0, 0, 1, 0, 0, 0, 0, 0, 0, 0, 0, 0, 0, 0, 0, 0], [0, 0, 0, 0, 0, 0, 0, 0, 1, 0, 0, 0, 0, 0, 0, 0, 0, 0, 0, 0, 0, 0, 0, 0, 0, 0, 0, 0, 0, 0], [0, 0, 0, 0, 0, 0, 0, 0, 1, 0, 0, 0, 0, 0, 0, 0, 1, 0, 0, 0, 0, 0, 0, 0, 0, 0, 0, 0, 0, 0], [0, 0, 0, 0, 0, 0, 0, 0, 1, 0, 0, 0, 0, 0, 0, 0, 0, 0, 0, 0, 0, 0, 0, 0, 0, 0, 0, 0, 0, 0], [0, 0, 0, 0, 0, 0, 0, 0, 1, 1, 1, 1, 0, 0, 0, 0, 1, 0, 0, 0, 0, 0, 0, 0, 0, 0, 0, 0, 0, 0], [0, 0, 0, 0, 0, 0, 0, 0, 0, 0, 0, 1, 0, 0, 0, 0, 1, 0, 0, 0, 0, 0, 1, 1, 1, 1, 1, 0, 0, 0], [0, 0, 0, 0, 0, 0, 0, 0, 0, 0, 0, 1, 0, 0, 0, 0, 1, 0, 0, 0, 0, 0, 1, 0, 0, 0, 1, 0, 0, 0], [0, 0, 0, 0, 0, 0, 0, 0, 0, 0, 0, 1, 1, 1, 1, 1, 1, 0, 0, 0, 0, 0, 1, 1, 0, 0, 1, 0, 0, 0], [0, 0, 0, 0, 0, 0, 0, 0, 0, 0, 0, 0, 0, 0, 0, 0, 0, 0, 0, 0, 0, 0, 0, 1, 0, 0, 1, 0, 0, 0], [0, 0, 0, 0, 0, 0, 0, 0, 0, 0, 0, 0, 0, 0, 0, 0, 0, 0, 0, 0, 0, 0, 0, 1, 1, 1, 1, 0, 0, 0], [0, 0, 0, 0, 0, 0, 0, 0, 0, 0, 0, 0, 0, 0, 0, 0, 0, 0, 0, 0, 0, 0, 0, 0, 0, 0, 0, 0, 0, 0], [0, 0, 0, 0, 0, 0, 0, 0, 0, 0, 0, 0, 0, 0, 0, 0, 0, 0, 0, 0, 0, 0, 0, 0, 0, 0, 0, 0, 0, 0], [0, 0, 0, 0, 0, 0, 0, 0, 0, 0, 0, 0, 0, 0, 0, 0, 0, 0, 0, 0, 0, 0, 0, 0, 0, 0, 0, 0, 0, 0]]","[[0, 0, 0, 0, 0, 0, 0, 0, 0, 0, 0, 0, 0, 0, 0, 0, 0, 0, 0, 0, 0, 0, 0, 0, 0, 0, 0, 0, 0, 0], [0, 0, 0, 0, 0, 0, 0, 0, 0, 0, 0, 0, 0, 0, 0, 0, 0, 0, 0, 0, 0, 0, 0, 0, 0, 1, 1, 1, 1, 1], [0, 0, 0, 0, 0, 0, 0, 0, 0, 0, 0, 0, 0, 0, 0, 0, 0, 0, 0, 0, 0, 0, 0, 0, 0, 1, 0, 0, 0, 1], [0, 0, 0, 0, 0, 0, 0, 0, 0, 0, 0, 0, 0, 0, 0, 0, 0, 0, 0, 0, 0, 0, 0, 0, 0, 1, 0, 0, 0, 1], [0, 0, 0, 0, 0, 1, 1, 1, 1, 1, 0, 0, 0, 0, 0, 0, 0, 0, 1, 1, 1, 0, 0, 0, 1, 1, 0, 0, 0, 1], [0, 0, 0, 0, 0, 1, 0, 0, 0, 1, 1, 1, 0, 0, 0, 0, 0, 0, 1, 0, 1, 0, 0, 0, 1, 0, 0, 0, 0, 1], [0, 0, 0, 0, 0, 1, 0, 0, 0, 0, 0, 1, 0, 0, 0, 0, 0, 0, 1, 0, 1, 0, 0, 0, 1, 1, 1, 1, 1, 1], [0, 0, 0, 0, 0, 1, 0, 0, 0, 0, 0, 1, 0, 0, 0, 0, 0, 0, 1, 1, 1, 0, 0, 0, 0, 0, 0, 0, 0, 0], [0, 0, 0, 0, 0, 1, 1, 1, 1, 0, 0, 1, 0, 0, 0, 0, 0, 0, 0, 0, 0, 0, 0, 0, 0, 0, 0, 0, 0, 0], [0, 0, 0, 0, 0, 0, 0, 0, 1, 0, 0, 1, 0, 0, 0, 0, 0, 0, 0, 0, 0, 0, 0, 0, 0, 0, 0, 0, 0, 0], [0, 0, 0, 0, 0, 0, 0, 0, 1, 1, 1, 1, 0, 0, 0, 0, 0, 0, 0, 0, 0, 0, 0, 0, 0, 0, 0, 0, 0, 0], [0, 0, 0, 0, 0, 0, 0, 0, 0, 0, 0, 0, 0, 0, 0, 0, 0, 0, 0, 0, 0, 1, 1, 1, 1, 1, 1, 0, 0, 0], [0, 0, 0, 0, 0, 0, 0, 0, 0, 0, 0, 0, 0, 0, 0, 0, 0, 0, 0, 0, 0, 1, 0, 0, 0, 0, 1, 0, 0, 0], [0, 0, 0, 0, 0, 0, 0, 0, 0, 0, 0, 0, 0, 0, 0, 0, 0, 0, 0, 0, 0, 1, 0, 0, 0, 0, 1, 0, 0, 0], [0, 0, 0, 0, 0, 0, 0, 0, 0, 0, 0, 0, 0, 0, 0, 0, 0, 0, 0, 0, 0, 1, 0, 0, 0, 0, 1, 0, 0, 0], [0, 0, 0, 0, 0, 0, 0, 0, 0, 0, 0, 0, 0, 0, 0, 0, 0, 0, 0, 0, 0, 1, 0, 0, 0, 0, 1, 0, 0, 0], [0, 0, 0, 0, 0, 0, 0, 0, 1, 1, 1, 1, 1, 1, 1, 1, 1, 0, 0, 0, 0, 1, 1, 1, 1, 0, 1, 0, 0, 0], [0, 0, 0, 0, 0, 0, 0, 0, 1, 0, 0, 0, 0, 0, 0, 0, 1, 0, 0, 0, 0, 0, 0, 0, 0, 0, 0, 0, 0, 0], [0, 0, 0, 0, 0, 0, 0, 0, 1, 0, 0, 0, 0, 0, 0, 0, 0, 0, 0, 0, 0, 0, 0, 0, 0, 0, 0, 0, 0, 0], [0, 0, 0, 0, 0, 0, 0, 0, 1, 0, 0, 0, 0, 0, 0, 0, 1, 0, 0, 0, 0, 0, 0, 0, 0, 0, 0, 0, 0, 0], [0, 0, 0, 0, 0, 0, 0, 0, 1, 0, 0, 0, 0, 0, 0, 0, 0, 0, 0, 0, 0, 0, 0, 0, 0, 0, 0, 0, 0, 0], [0, 0, 0, 0, 0, 0, 0, 0, 1, 1, 1, 1, 0, 0, 0, 0, 1, 0, 0, 0, 0, 0, 0, 0, 0, 0, 0, 0, 0, 0], [0, 0, 0, 0, 0, 0, 0, 0, 0, 0, 0, 1, 0, 0, 0, 0, 1, 0, 0, 0, 0, 0, 1, 1, 1, 1, 1, 0, 0, 0], [0, 0, 0, 0, 0, 0, 0, 0, 0, 0, 0, 1, 0, 0, 0, 0, 1, 0, 0, 0, 0, 0, 1, 0, 0, 0, 1, 0, 0, 0], [0, 0, 0, 0, 0, 0, 0, 0, 0, 0, 0, 1, 1, 1, 1, 1, 1, 0, 0, 0, 0, 0, 1, 1, 0, 0, 1, 0, 0, 0], [0, 0, 0, 0, 0, 0, 0, 0, 0, 0, 0, 0, 0, 0, 0, 0, 0, 0, 0, 0, 0, 0, 0, 1, 0, 0, 1, 0, 0, 0], [0, 0, 0, 0, 0, 0, 0, 0, 0, 0, 0, 0, 0, 0, 0, 0, 0, 0, 0, 0, 0, 0, 0, 1, 1, 1, 1, 0, 0, 0], [0, 0, 0, 0, 0, 0, 0, 0, 0, 0, 0, 0, 0, 0, 0, 0, 0, 0, 0, 0, 0, 0, 0, 0, 0, 0, 0, 0, 0, 0], [0, 0, 0, 0, 0, 0, 0, 0, 0, 0, 0, 0, 0, 0, 0, 0, 0, 0, 0, 0, 0, 0, 0, 0, 0, 0, 0, 0, 0, 0], [0, 0, 0, 0, 0, 0, 0, 0, 0, 0, 0, 0, 0, 0, 0, 0, 0, 0, 0, 0, 0, 0, 0, 0, 0, 0, 0, 0, 0, 0]]"
e9b4f6fc,False,"[[1, 1, 2, 1, 1], [1, 2, 2, 2, 1], [1, 4, 4, 4, 1], [1, 6, 6, 6, 1], [1, 1, 6, 1, 1], [1, 1, 1, 1, 1]]","[[0, 0, 0, 0, 0, 0, 0, 0, 0, 0, 0, 0, 0], [0, 0, 0, 0, 0, 0, 0, 0, 0, 0, 0, 0, 0], [0, 0, 0, 0, 0, 0, 0, 0, 0, 0, 0, 0, 0], [0, 0, 1, 1, 3, 1, 1, 0, 0, 0, 0, 0, 0], [0, 0, 1, 3, 3, 3, 1, 0, 0, 0, 0, 0, 0], [0, 0, 1, 8, 8, 8, 1, 0, 0, 0, 0, 0, 0], [0, 0, 1, 7, 7, 7, 1, 0, 0, 0, 0, 0, 0], [0, 0, 1, 1, 7, 1, 1, 0, 0, 0, 0, 0, 0], [0, 0, 1, 1, 1, 1, 1, 0, 0, 0, 0, 0, 0], [0, 0, 0, 0, 0, 0, 0, 0, 0, 0, 0, 0, 0], [0, 0, 0, 0, 0, 0, 0, 0, 0, 0, 0, 0, 0], [0, 0, 0, 0, 0, 0, 0, 0, 0, 0, 0, 0, 0], [0, 0, 0, 0, 0, 0, 0, 0, 0, 0, 0, 0, 0]]","[[3, 3, 3, 3, 3, 3, 3, 3, 3, 3, 3, 3, 3], [3, 3, 3, 3, 3, 3, 3, 3, 2, 3, 3, 3, 3], [3, 3, 3, 3, 3, 3, 3, 3, 3, 3, 3, 3, 3], [3, 3, 1, 1, 3, 1, 1, 3, 3, 3, 3, 3, 3], [3, 3, 1, 3, 3, 3, 1, 3, 3, 3, 3, 3, 3], [3, 3, 1, 8, 8, 8, 1, 3, 3, 3, 3, 3, 3], [3, 3, 1, 7, 7, 7, 1, 3, 3, 3, 3, 3, 3], [3, 3, 1, 1, 7, 1, 1, 3, 3, 4, 8, 3, 3], [3, 3, 1, 1, 1, 1, 1, 3, 3, 3, 3, 3, 3], [3, 3, 3, 3, 3, 3, 3, 3, 3, 3, 3, 3, 3], [3, 3, 3, 3, 3, 3, 3, 6, 7, 3, 3, 3, 3], [3, 3, 3, 3, 3, 3, 3, 3, 3, 3, 3, 3, 3], [3, 3, 3, 3, 3, 3, 3, 3, 3, 3, 3, 3, 3]]","[[5, 5, 5, 5, 5, 5, 5, 5, 5, 5, 5, 5, 5], [5, 5, 5, 5, 5, 5, 5, 5, 2, 3, 5, 5, 5], [5, 5, 5, 5, 5, 5, 5, 5, 5, 5, 5, 5, 5], [5, 5, 1, 1, 3, 1, 1, 5, 5, 5, 5, 5, 5], [5, 5, 1, 3, 3, 3, 1, 5, 5, 5, 5, 5, 5], [5, 5, 1, 8, 8, 8, 1, 5, 5, 5, 5, 5, 5], [5, 5, 1, 7, 7, 7, 1, 5, 5, 5, 5, 5, 5], [5, 5, 1, 1, 7, 1, 1, 5, 5, 4, 8, 5, 5], [5, 5, 1, 1, 1, 1, 1, 5, 5, 5, 5, 5, 5], [5, 5, 5, 5, 5, 5, 5, 5, 5, 5, 5, 5, 5], [5, 5, 5, 5, 5, 5, 5, 6, 7, 5, 5, 5, 5], [5, 5, 5, 5, 5, 5, 5, 5, 5, 5, 5, 5, 5], [5, 5, 5, 5, 5, 5, 5, 5, 5, 5, 5, 5, 5]]"
